	transcript	transcript
	k99_24	k99_24
	k99_25	k99_25
	k99_27	k99_27
	k99_30	k99_30
	k99_35	k99_35
	k99_37	k99_37
	k99_38	k99_38
	k99_39	k99_39
	k99_44	k99_44
	k99_50	k99_50
	k99_58	k99_58
	k99_61	k99_61
	k99_66	k99_66
	k99_67	k99_67
	k99_68	k99_68
	k99_72	k99_72
	k99_80	k99_80
	k99_87	k99_87
	k99_88	k99_88
	k99_89	k99_89
	k99_92	k99_92
	k99_94	k99_94
	k99_102	k99_102
	k99_104	k99_104
	k99_105	k99_105
	k99_108	k99_108
	k99_113	k99_113
	k99_115	k99_115
	k99_118	k99_118
	k99_119	k99_119
	k99_121	k99_121
	k99_126	k99_126
	k99_127	k99_127
	k99_130	k99_130
	k99_138	k99_138
	k99_140	k99_140
	k99_149	k99_149
	k99_150	k99_150
	k99_153	k99_153
	k99_157	k99_157
	k99_160	k99_160
	k99_167	k99_167
	k99_171	k99_171
	k99_173	k99_173
	k99_180	k99_180
	k99_184	k99_184
	k99_188	k99_188
	k99_189	k99_189
	k99_190	k99_190
	k99_206	k99_206
	k99_211	k99_211
	k99_212	k99_212
	k99_213	k99_213
	k99_215	k99_215
	k99_218	k99_218
	k99_222	k99_222
	k99_223	k99_223
	k99_226	k99_226
	k99_231	k99_231
	k99_232	k99_232
	k99_239	k99_239
	k99_244	k99_244
	k99_256	k99_256
	k99_258	k99_258
	k99_261	k99_261
	k99_262	k99_262
	k99_263	k99_263
	k99_268	k99_268
	k99_269	k99_269
	k99_270	k99_270
	k99_272	k99_272
	k99_275	k99_275
	k99_279	k99_279
	k99_280	k99_280
	k99_282	k99_282
	k99_290	k99_290
	k99_292	k99_292
	k99_299	k99_299
	k99_301	k99_301
	k99_307	k99_307
	k99_309	k99_309
	k99_312	k99_312
	k99_316	k99_316
	k99_317	k99_317
	k99_327	k99_327
	k99_328	k99_328
	k99_329	k99_329
	k99_333	k99_333
	k99_334	k99_334
	k99_335	k99_335
	k99_338	k99_338
	k99_340	k99_340
	k99_343	k99_343
	k99_348	k99_348
	k99_352	k99_352
	k99_353	k99_353
	k99_362	k99_362
	k99_365	k99_365
	k99_368	k99_368
	k99_373	k99_373
	k99_378	k99_378
	k99_386	k99_386
	k99_388	k99_388
	k99_397	k99_397
	k99_398	k99_398
	k99_402	k99_402
	k99_406	k99_406
	k99_408	k99_408
	k99_412	k99_412
	k99_413	k99_413
	k99_415	k99_415
	k99_417	k99_417
	k99_425	k99_425
	k99_429	k99_429
	k99_430	k99_430
	k99_431	k99_431
	k99_432	k99_432
	k99_433	k99_433
	k99_435	k99_435
	k99_438	k99_438
	k99_444	k99_444
	k99_450	k99_450
	k99_456	k99_456
	k99_459	k99_459
	k99_460	k99_460
	k99_463	k99_463
	k99_468	k99_468
	k99_469	k99_469
	k99_475	k99_475
	k99_476	k99_476
	k99_481	k99_481
	k99_485	k99_485
	k99_486	k99_486
	k99_489	k99_489
	k99_491	k99_491
	k99_499	k99_499
	k99_503	k99_503
	k99_513	k99_513
	k99_517	k99_517
	k99_518	k99_518
	k99_524	k99_524
	k99_527	k99_527
	k99_536	k99_536
	k99_542	k99_542
	k99_543	k99_543
	k99_545	k99_545
	k99_547	k99_547
	k99_556	k99_556
	k99_557	k99_557
	k99_560	k99_560
	k99_564	k99_564
	k99_569	k99_569
	k99_570	k99_570
	k99_573	k99_573
	k99_574	k99_574
	k99_581	k99_581
	k99_582	k99_582
	k99_587	k99_587
	k99_593	k99_593
	k99_596	k99_596
	k99_601	k99_601
	k99_602	k99_602
	k99_603	k99_603
	k99_620	k99_620
	k99_628	k99_628
	k99_632	k99_632
	k99_635	k99_635
	k99_639	k99_639
	k99_640	k99_640
	k99_646	k99_646
	k99_647	k99_647
	k99_648	k99_648
	k99_649	k99_649
	k99_650	k99_650
	k99_662	k99_662
	k99_663	k99_663
	k99_665	k99_665
	k99_668	k99_668
	k99_669	k99_669
	k99_670	k99_670
	k99_673	k99_673
	k99_678	k99_678
	k99_682	k99_682
	k99_684	k99_684
	k99_687	k99_687
	k99_693	k99_693
	k99_702	k99_702
	k99_705	k99_705
	k99_714	k99_714
	k99_718	k99_718
	k99_720	k99_720
	k99_726	k99_726
	k99_727	k99_727
	k99_728	k99_728
	k99_730	k99_730
	k99_733	k99_733
	k99_735	k99_735
	k99_739	k99_739
	k99_745	k99_745
	k99_746	k99_746
	k99_752	k99_752
	k99_753	k99_753
	k99_764	k99_764
	k99_765	k99_765
	k99_778	k99_778
	k99_779	k99_779
	k99_780	k99_780
	k99_781	k99_781
	k99_784	k99_784
	k99_790	k99_790
	k99_800	k99_800
	k99_801	k99_801
	k99_802	k99_802
	k99_810	k99_810
	k99_814	k99_814
	k99_817	k99_817
	k99_819	k99_819
	k99_825	k99_825
	k99_826	k99_826
	k99_829	k99_829
	k99_830	k99_830
	k99_836	k99_836
	k99_839	k99_839
	k99_846	k99_846
	k99_847	k99_847
	k99_851	k99_851
	k99_852	k99_852
	k99_853	k99_853
	k99_854	k99_854
	k99_858	k99_858
	k99_864	k99_864
	k99_870	k99_870
	k99_875	k99_875
	k99_890	k99_890
	k99_891	k99_891
	k99_892	k99_892
	k99_893	k99_893
	k99_899	k99_899
	k99_900	k99_900
	k99_906	k99_906
	k99_908	k99_908
	k99_912	k99_912
	k99_913	k99_913
	k99_916	k99_916
	k99_917	k99_917
	k99_918	k99_918
	k99_923	k99_923
	k99_929	k99_929
	k99_930	k99_930
	k99_931	k99_931
	k99_944	k99_944
	k99_974	k99_974
	k99_977	k99_977
	k99_998	k99_998
	k99_1001	k99_1001
	k99_1011	k99_1011
	k99_1013	k99_1013
	k99_1017	k99_1017
	k99_1018	k99_1018
	k99_1019	k99_1019
	k99_1020	k99_1020
	k99_1022	k99_1022
	k99_1023	k99_1023
	k99_1030	k99_1030
	k99_1038	k99_1038
	k99_1049	k99_1049
	k99_1051	k99_1051
	k99_1059	k99_1059
	k99_1060	k99_1060
	k99_1061	k99_1061
	k99_1063	k99_1063
	k99_1064	k99_1064
	k99_1066	k99_1066
	k99_1068	k99_1068
	k99_1073	k99_1073
	k99_1081	k99_1081
	k99_1082	k99_1082
	k99_1086	k99_1086
	k99_1087	k99_1087
	k99_1091	k99_1091
	k99_1096	k99_1096
	k99_1097	k99_1097
	k99_1099	k99_1099
	k99_1101	k99_1101
	k99_1104	k99_1104
	k99_1112	k99_1112
	k99_1121	k99_1121
	k99_1122	k99_1122
	k99_1123	k99_1123
	k99_1125	k99_1125
	k99_1126	k99_1126
	k99_1127	k99_1127
	k99_1128	k99_1128
	k99_1134	k99_1134
	k99_1138	k99_1138
	k99_1140	k99_1140
	k99_1141	k99_1141
	k99_1142	k99_1142
	k99_1144	k99_1144
	k99_1145	k99_1145
	k99_1154	k99_1154
	k99_1161	k99_1161
	k99_1162	k99_1162
	k99_1163	k99_1163
	k99_1164	k99_1164
	k99_1165	k99_1165
	k99_1166	k99_1166
	k99_1171	k99_1171
	k99_1176	k99_1176
	k99_1177	k99_1177
	k99_1183	k99_1183
	k99_1188	k99_1188
	k99_1190	k99_1190
	k99_1195	k99_1195
	k99_1199	k99_1199
	k99_1207	k99_1207
	k99_1213	k99_1213
	k99_1214	k99_1214
	k99_1219	k99_1219
	k99_1221	k99_1221
	k99_1232	k99_1232
	k99_1233	k99_1233
	k99_1235	k99_1235
	k99_1236	k99_1236
	k99_1238	k99_1238
	k99_1239	k99_1239
	k99_1240	k99_1240
	k99_1241	k99_1241
	k99_1242	k99_1242
	k99_1255	k99_1255
	k99_1257	k99_1257
	k99_1264	k99_1264
	k99_1266	k99_1266
	k99_1268	k99_1268
	k99_1269	k99_1269
	k99_1271	k99_1271
	k99_1274	k99_1274
	k99_1277	k99_1277
	k99_1279	k99_1279
	k99_1280	k99_1280
	k99_1284	k99_1284
	k99_1293	k99_1293
	k99_1296	k99_1296
	k99_1302	k99_1302
	k99_1306	k99_1306
	k99_1313	k99_1313
	k99_1315	k99_1315
	k99_1321	k99_1321
	k99_1332	k99_1332
	k99_1336	k99_1336
	k99_1337	k99_1337
	k99_1343	k99_1343
	k99_1345	k99_1345
	k99_1349	k99_1349
	k99_1362	k99_1362
	k99_1365	k99_1365
	k99_1368	k99_1368
	k99_1370	k99_1370
	k99_1375	k99_1375
	k99_1377	k99_1377
	k99_1380	k99_1380
	k99_1381	k99_1381
	k99_1382	k99_1382
	k99_1391	k99_1391
	k99_1394	k99_1394
	k99_1395	k99_1395
	k99_1399	k99_1399
	k99_1400	k99_1400
	k99_1403	k99_1403
	k99_1405	k99_1405
	k99_1411	k99_1411
	k99_1414	k99_1414
	k99_1417	k99_1417
	k99_1425	k99_1425
	k99_1429	k99_1429
	k99_1433	k99_1433
	k99_1435	k99_1435
	k99_1437	k99_1437
	k99_1439	k99_1439
	k99_1442	k99_1442
	k99_1443	k99_1443
	k99_1445	k99_1445
	k99_1449	k99_1449
	k99_1459	k99_1459
	k99_1460	k99_1460
	k99_1461	k99_1461
	k99_1462	k99_1462
	k99_1467	k99_1467
	k99_1469	k99_1469
	k99_1470	k99_1470
	k99_1487	k99_1487
	k99_1490	k99_1490
	k99_1494	k99_1494
	k99_1495	k99_1495
	k99_1497	k99_1497
	k99_1498	k99_1498
	k99_1506	k99_1506
	k99_1507	k99_1507
	k99_1509	k99_1509
	k99_1511	k99_1511
	k99_1514	k99_1514
	k99_1523	k99_1523
	k99_1524	k99_1524
	k99_1534	k99_1534
	k99_1535	k99_1535
	k99_1537	k99_1537
	k99_1540	k99_1540
	k99_1541	k99_1541
	k99_1546	k99_1546
	k99_1555	k99_1555
	k99_1557	k99_1557
	k99_1559	k99_1559
	k99_1562	k99_1562
	k99_1570	k99_1570
	k99_1575	k99_1575
	k99_1577	k99_1577
	k99_1592	k99_1592
	k99_1594	k99_1594
	k99_1598	k99_1598
	k99_1601	k99_1601
	k99_1602	k99_1602
	k99_1614	k99_1614
	k99_1618	k99_1618
	k99_1620	k99_1620
	k99_1622	k99_1622
	k99_1625	k99_1625
	k99_1637	k99_1637
	k99_1644	k99_1644
	k99_1645	k99_1645
	k99_1646	k99_1646
	k99_1650	k99_1650
	k99_1653	k99_1653
	k99_1654	k99_1654
	k99_1668	k99_1668
	k99_1684	k99_1684
	k99_1685	k99_1685
	k99_1695	k99_1695
	k99_1697	k99_1697
	k99_1705	k99_1705
	k99_1717	k99_1717
	k99_1726	k99_1726
	k99_1731	k99_1731
	k99_1735	k99_1735
	k99_1738	k99_1738
	k99_1742	k99_1742
	k99_1747	k99_1747
	k99_1750	k99_1750
	k99_1753	k99_1753
	k99_1764	k99_1764
	k99_1766	k99_1766
	k99_1772	k99_1772
	k99_1774	k99_1774
	k99_1775	k99_1775
	k99_1776	k99_1776
	k99_1777	k99_1777
	k99_1783	k99_1783
	k99_1787	k99_1787
	k99_1789	k99_1789
	k99_1802	k99_1802
	k99_1806	k99_1806
	k99_1816	k99_1816
	k99_1823	k99_1823
	k99_1824	k99_1824
	k99_1826	k99_1826
	k99_1828	k99_1828
	k99_1831	k99_1831
	k99_1833	k99_1833
	k99_1835	k99_1835
	k99_1836	k99_1836
	k99_1846	k99_1846
	k99_1849	k99_1849
	k99_1852	k99_1852
	k99_1853	k99_1853
	k99_1856	k99_1856
	k99_1857	k99_1857
	k99_1863	k99_1863
	k99_1866	k99_1866
	k99_1869	k99_1869
	k99_1874	k99_1874
	k99_1879	k99_1879
	k99_1880	k99_1880
	k99_1882	k99_1882
	k99_1888	k99_1888
	k99_1889	k99_1889
	k99_1894	k99_1894
	k99_1897	k99_1897
	k99_1903	k99_1903
	k99_1905	k99_1905
	k99_1907	k99_1907
	k99_1914	k99_1914
	k99_1915	k99_1915
	k99_1927	k99_1927
	k99_1932	k99_1932
	k99_1934	k99_1934
	k99_1937	k99_1937
	k99_1940	k99_1940
	k99_1952	k99_1952
	k99_1953	k99_1953
	k99_1954	k99_1954
	k99_1958	k99_1958
	k99_1971	k99_1971
	k99_1973	k99_1973
	k99_1977	k99_1977
	k99_1979	k99_1979
	k99_1981	k99_1981
	k99_1983	k99_1983
	k99_1988	k99_1988
	k99_1989	k99_1989
	k99_1990	k99_1990
	k99_1991	k99_1991
	k99_1992	k99_1992
	k99_1996	k99_1996
	k99_1997	k99_1997
	k99_1998	k99_1998
	k99_2000	k99_2000
	k99_2002	k99_2002
	k99_2005	k99_2005
	k99_2010	k99_2010
	k99_2011	k99_2011
	k99_2012	k99_2012
	k99_2014	k99_2014
	k99_2015	k99_2015
	k99_2016	k99_2016
	k99_2019	k99_2019
	k99_2021	k99_2021
	k99_2026	k99_2026
	k99_2027	k99_2027
	k99_2028	k99_2028
	k99_2034	k99_2034
	k99_2036	k99_2036
	k99_2039	k99_2039
	k99_2048	k99_2048
	k99_2049	k99_2049
	k99_2052	k99_2052
	k99_2054	k99_2054
	k99_2060	k99_2060
	k99_2065	k99_2065
	k99_2066	k99_2066
	k99_2074	k99_2074
	k99_2077	k99_2077
	k99_2078	k99_2078
	k99_2085	k99_2085
	k99_2087	k99_2087
	k99_2088	k99_2088
	k99_2092	k99_2092
	k99_2097	k99_2097
	k99_2103	k99_2103
	k99_2108	k99_2108
	k99_2131	k99_2131
	k99_2134	k99_2134
	k99_2137	k99_2137
	k99_2140	k99_2140
	k99_2145	k99_2145
	k99_2147	k99_2147
	k99_2148	k99_2148
	k99_2155	k99_2155
	k99_2157	k99_2157
	k99_2166	k99_2166
	k99_2168	k99_2168
	k99_2169	k99_2169
	k99_2171	k99_2171
	k99_2172	k99_2172
	k99_2173	k99_2173
	k99_2174	k99_2174
	k99_2181	k99_2181
	k99_2191	k99_2191
	k99_2195	k99_2195
	k99_2198	k99_2198
	k99_2203	k99_2203
	k99_2205	k99_2205
	k99_2210	k99_2210
	k99_2212	k99_2212
	k99_2213	k99_2213
	k99_2219	k99_2219
	k99_2225	k99_2225
	k99_2226	k99_2226
	k99_2233	k99_2233
	k99_2238	k99_2238
	k99_2240	k99_2240
	k99_2244	k99_2244
	k99_2256	k99_2256
	k99_2258	k99_2258
	k99_2263	k99_2263
	k99_2265	k99_2265
	k99_2267	k99_2267
	k99_2268	k99_2268
	k99_2269	k99_2269
	k99_2297	k99_2297
	k99_2299	k99_2299
	k99_2303	k99_2303
	k99_2304	k99_2304
	k99_2308	k99_2308
	k99_2312	k99_2312
	k99_2321	k99_2321
	k99_2322	k99_2322
	k99_2323	k99_2323
	k99_2330	k99_2330
	k99_2332	k99_2332
	k99_2337	k99_2337
	k99_2340	k99_2340
	k99_2349	k99_2349
	k99_2353	k99_2353
	k99_2358	k99_2358
	k99_2359	k99_2359
	k99_2363	k99_2363
	k99_2373	k99_2373
	k99_2376	k99_2376
	k99_2379	k99_2379
	k99_2381	k99_2381
	k99_2387	k99_2387
	k99_2391	k99_2391
	k99_2396	k99_2396
	k99_2407	k99_2407
	k99_2409	k99_2409
	k99_2414	k99_2414
	k99_2417	k99_2417
	k99_2419	k99_2419
	k99_2421	k99_2421
	k99_2422	k99_2422
	k99_2424	k99_2424
	k99_2429	k99_2429
	k99_2430	k99_2430
	k99_2431	k99_2431
	k99_2433	k99_2433
	k99_2440	k99_2440
	k99_2442	k99_2442
	k99_2443	k99_2443
	k99_2445	k99_2445
	k99_2448	k99_2448
	k99_2450	k99_2450
	k99_2452	k99_2452
	k99_2455	k99_2455
	k99_2460	k99_2460
	k99_2475	k99_2475
	k99_2476	k99_2476
	k99_2478	k99_2478
	k99_2479	k99_2479
	k99_2482	k99_2482
	k99_2485	k99_2485
	k99_2487	k99_2487
	k99_2488	k99_2488
	k99_2490	k99_2490
	k99_2491	k99_2491
	k99_2493	k99_2493
	k99_2498	k99_2498
	k99_2499	k99_2499
	k99_2500	k99_2500
	k99_2503	k99_2503
	k99_2504	k99_2504
	k99_2506	k99_2506
	k99_2529	k99_2529
	k99_2533	k99_2533
	k99_2534	k99_2534
	k99_2539	k99_2539
	k99_2540	k99_2540
	k99_2542	k99_2542
	k99_2549	k99_2549
	k99_2550	k99_2550
	k99_2554	k99_2554
	k99_2555	k99_2555
	k99_2556	k99_2556
	k99_2558	k99_2558
	k99_2559	k99_2559
	k99_2560	k99_2560
	k99_2579	k99_2579
	k99_2580	k99_2580
	k99_2582	k99_2582
	k99_2583	k99_2583
	k99_2589	k99_2589
	k99_2593	k99_2593
	k99_2598	k99_2598
	k99_2601	k99_2601
	k99_2604	k99_2604
	k99_2605	k99_2605
	k99_2606	k99_2606
	k99_2617	k99_2617
	k99_2620	k99_2620
	k99_2621	k99_2621
	k99_2626	k99_2626
	k99_2631	k99_2631
	k99_2648	k99_2648
	k99_2649	k99_2649
	k99_2657	k99_2657
	k99_2665	k99_2665
	k99_2668	k99_2668
	k99_2680	k99_2680
	k99_2681	k99_2681
	k99_2682	k99_2682
	k99_2684	k99_2684
	k99_2685	k99_2685
	k99_2687	k99_2687
	k99_2688	k99_2688
	k99_2693	k99_2693
	k99_2696	k99_2696
	k99_2698	k99_2698
	k99_2700	k99_2700
	k99_2704	k99_2704
	k99_2707	k99_2707
	k99_2711	k99_2711
	k99_2712	k99_2712
	k99_2713	k99_2713
	k99_2720	k99_2720
	k99_2726	k99_2726
	k99_2729	k99_2729
	k99_2737	k99_2737
	k99_2738	k99_2738
	k99_2740	k99_2740
	k99_2743	k99_2743
	k99_2746	k99_2746
	k99_2749	k99_2749
	k99_2750	k99_2750
	k99_2755	k99_2755
	k99_2759	k99_2759
	k99_2760	k99_2760
	k99_2761	k99_2761
	k99_2764	k99_2764
	k99_2766	k99_2766
	k99_2768	k99_2768
	k99_2772	k99_2772
	k99_2775	k99_2775
	k99_2782	k99_2782
	k99_2791	k99_2791
	k99_2794	k99_2794
	k99_2800	k99_2800
	k99_2806	k99_2806
	k99_2807	k99_2807
	k99_2808	k99_2808
	k99_2809	k99_2809
	k99_2810	k99_2810
	k99_2814	k99_2814
	k99_2816	k99_2816
	k99_2823	k99_2823
	k99_2827	k99_2827
	k99_2832	k99_2832
	k99_2837	k99_2837
	k99_2838	k99_2838
	k99_2839	k99_2839
	k99_2842	k99_2842
	k99_2845	k99_2845
	k99_2848	k99_2848
	k99_2855	k99_2855
	k99_2858	k99_2858
	k99_2861	k99_2861
	k99_2862	k99_2862
	k99_2867	k99_2867
	k99_2869	k99_2869
	k99_2870	k99_2870
	k99_2877	k99_2877
	k99_2879	k99_2879
	k99_2882	k99_2882
	k99_2887	k99_2887
	k99_2891	k99_2891
	k99_2893	k99_2893
	k99_2894	k99_2894
	k99_2900	k99_2900
	k99_2901	k99_2901
	k99_2906	k99_2906
	k99_2908	k99_2908
	k99_2909	k99_2909
	k99_2910	k99_2910
	k99_2914	k99_2914
	k99_2915	k99_2915
	k99_2916	k99_2916
	k99_2918	k99_2918
	k99_2919	k99_2919
	k99_2920	k99_2920
	k99_2925	k99_2925
	k99_2931	k99_2931
	k99_2932	k99_2932
	k99_2934	k99_2934
	k99_2940	k99_2940
	k99_2943	k99_2943
	k99_2949	k99_2949
	k99_2950	k99_2950
	k99_2951	k99_2951
	k99_2952	k99_2952
	k99_2953	k99_2953
	k99_2955	k99_2955
	k99_2956	k99_2956
	k99_2957	k99_2957
	k99_2958	k99_2958
	k99_2961	k99_2961
	k99_2962	k99_2962
	k99_2965	k99_2965
	k99_2969	k99_2969
	k99_2971	k99_2971
	k99_2974	k99_2974
	k99_2975	k99_2975
	k99_2976	k99_2976
	k99_2977	k99_2977
	k99_2979	k99_2979
	k99_2981	k99_2981
	k99_2983	k99_2983
	k99_2985	k99_2985
	k99_2988	k99_2988
	k99_2996	k99_2996
	k99_3014	k99_3014
	k99_3016	k99_3016
	k99_3017	k99_3017
	k99_3018	k99_3018
	k99_3023	k99_3023
	k99_3031	k99_3031
	k99_3033	k99_3033
	k99_3039	k99_3039
	k99_3044	k99_3044
	k99_3058	k99_3058
	k99_3060	k99_3060
	k99_3072	k99_3072
	k99_3073	k99_3073
	k99_3077	k99_3077
	k99_3079	k99_3079
	k99_3082	k99_3082
	k99_3087	k99_3087
	k99_3090	k99_3090
	k99_3094	k99_3094
	k99_3098	k99_3098
	k99_3101	k99_3101
	k99_3104	k99_3104
	k99_3112	k99_3112
	k99_3115	k99_3115
	k99_3127	k99_3127
	k99_3129	k99_3129
	k99_3132	k99_3132
	k99_3136	k99_3136
	k99_3141	k99_3141
	k99_3143	k99_3143
	k99_3145	k99_3145
	k99_3147	k99_3147
	k99_3148	k99_3148
	k99_3150	k99_3150
	k99_3151	k99_3151
	k99_3153	k99_3153
	k99_3157	k99_3157
	k99_3159	k99_3159
	k99_3162	k99_3162
	k99_3168	k99_3168
	k99_3186	k99_3186
	k99_3189	k99_3189
	k99_3199	k99_3199
	k99_3209	k99_3209
	k99_3218	k99_3218
	k99_3225	k99_3225
	k99_3226	k99_3226
	k99_3234	k99_3234
	k99_3238	k99_3238
	k99_3248	k99_3248
	k99_3251	k99_3251
	k99_3254	k99_3254
	k99_3259	k99_3259
	k99_3260	k99_3260
	k99_3271	k99_3271
	k99_3273	k99_3273
	k99_3274	k99_3274
	k99_3275	k99_3275
	k99_3276	k99_3276
	k99_3280	k99_3280
	k99_3283	k99_3283
	k99_3284	k99_3284
	k99_3285	k99_3285
	k99_3294	k99_3294
	k99_3296	k99_3296
	k99_3298	k99_3298
	k99_3299	k99_3299
	k99_3301	k99_3301
	k99_3302	k99_3302
	k99_3306	k99_3306
	k99_3308	k99_3308
	k99_3310	k99_3310
	k99_3312	k99_3312
	k99_3321	k99_3321
	k99_3325	k99_3325
	k99_3331	k99_3331
	k99_3336	k99_3336
	k99_3353	k99_3353
	k99_3354	k99_3354
	k99_3357	k99_3357
	k99_3358	k99_3358
	k99_3359	k99_3359
	k99_3360	k99_3360
	k99_3363	k99_3363
	k99_3364	k99_3364
	k99_3375	k99_3375
	k99_3394	k99_3394
	k99_3395	k99_3395
	k99_3402	k99_3402
	k99_3403	k99_3403
	k99_3406	k99_3406
	k99_3409	k99_3409
	k99_3410	k99_3410
	k99_3411	k99_3411
	k99_3412	k99_3412
	k99_3414	k99_3414
	k99_3417	k99_3417
	k99_3419	k99_3419
	k99_3433	k99_3433
	k99_3439	k99_3439
	k99_3441	k99_3441
	k99_3443	k99_3443
	k99_3452	k99_3452
	k99_3458	k99_3458
	k99_3461	k99_3461
	k99_3463	k99_3463
	k99_3479	k99_3479
	k99_3480	k99_3480
	k99_3482	k99_3482
	k99_3487	k99_3487
	k99_3490	k99_3490
	k99_3494	k99_3494
	k99_3495	k99_3495
	k99_3496	k99_3496
	k99_3501	k99_3501
	k99_3507	k99_3507
	k99_3508	k99_3508
	k99_3509	k99_3509
	k99_3510	k99_3510
	k99_3511	k99_3511
	k99_3513	k99_3513
	k99_3514	k99_3514
	k99_3520	k99_3520
	k99_3521	k99_3521
	k99_3525	k99_3525
	k99_3526	k99_3526
	k99_3528	k99_3528
	k99_3538	k99_3538
	k99_3544	k99_3544
	k99_3548	k99_3548
	k99_3550	k99_3550
	k99_3551	k99_3551
	k99_3554	k99_3554
	k99_3568	k99_3568
	k99_3574	k99_3574
	k99_3575	k99_3575
	k99_3585	k99_3585
	k99_3586	k99_3586
	k99_3588	k99_3588
	k99_3589	k99_3589
	k99_3593	k99_3593
	k99_3594	k99_3594
	k99_3601	k99_3601
	k99_3604	k99_3604
	k99_3606	k99_3606
	k99_3607	k99_3607
	k99_3608	k99_3608
	k99_3609	k99_3609
	k99_3610	k99_3610
	k99_3612	k99_3612
	k99_3626	k99_3626
	k99_3628	k99_3628
	k99_3630	k99_3630
	k99_3631	k99_3631
	k99_3633	k99_3633
	k99_3634	k99_3634
	k99_3636	k99_3636
	k99_3638	k99_3638
	k99_3639	k99_3639
	k99_3641	k99_3641
	k99_3645	k99_3645
	k99_3646	k99_3646
	k99_3655	k99_3655
	k99_3661	k99_3661
	k99_3662	k99_3662
	k99_3672	k99_3672
	k99_3674	k99_3674
	k99_3675	k99_3675
	k99_3676	k99_3676
	k99_3678	k99_3678
	k99_3681	k99_3681
	k99_3685	k99_3685
	k99_3695	k99_3695
	k99_3698	k99_3698
	k99_3700	k99_3700
	k99_3702	k99_3702
	k99_3707	k99_3707
	k99_3713	k99_3713
	k99_3719	k99_3719
	k99_3726	k99_3726
	k99_3734	k99_3734
	k99_3735	k99_3735
	k99_3737	k99_3737
	k99_3739	k99_3739
	k99_3746	k99_3746
	k99_3752	k99_3752
	k99_3753	k99_3753
	k99_3760	k99_3760
	k99_3762	k99_3762
	k99_3769	k99_3769
	k99_3779	k99_3779
	k99_3786	k99_3786
	k99_3789	k99_3789
	k99_3790	k99_3790
	k99_3795	k99_3795
	k99_3799	k99_3799
	k99_3802	k99_3802
	k99_3806	k99_3806
	k99_3808	k99_3808
	k99_3810	k99_3810
	k99_3811	k99_3811
	k99_3814	k99_3814
	k99_3815	k99_3815
	k99_3819	k99_3819
	k99_3820	k99_3820
	k99_3823	k99_3823
	k99_3826	k99_3826
	k99_3830	k99_3830
	k99_3834	k99_3834
	k99_3837	k99_3837
	k99_3838	k99_3838
	k99_3839	k99_3839
	k99_3841	k99_3841
	k99_3844	k99_3844
	k99_3845	k99_3845
	k99_3846	k99_3846
	k99_3850	k99_3850
	k99_3851	k99_3851
	k99_3854	k99_3854
	k99_3860	k99_3860
	k99_3863	k99_3863
	k99_3865	k99_3865
	k99_3867	k99_3867
	k99_3871	k99_3871
	k99_3881	k99_3881
	k99_3882	k99_3882
	k99_3886	k99_3886
	k99_3889	k99_3889
	k99_3891	k99_3891
	k99_3898	k99_3898
	k99_3907	k99_3907
	k99_3911	k99_3911
	k99_3917	k99_3917
	k99_3921	k99_3921
	k99_3927	k99_3927
	k99_3930	k99_3930
	k99_3937	k99_3937
	k99_3947	k99_3947
	k99_3952	k99_3952
	k99_3963	k99_3963
	k99_3964	k99_3964
	k99_3968	k99_3968
	k99_3970	k99_3970
	k99_3971	k99_3971
	k99_3979	k99_3979
	k99_3981	k99_3981
	k99_3983	k99_3983
	k99_3987	k99_3987
	k99_3988	k99_3988
	k99_3991	k99_3991
	k99_3995	k99_3995
	k99_3996	k99_3996
	k99_3999	k99_3999
	k99_4000	k99_4000
	k99_4003	k99_4003
	k99_4008	k99_4008
	k99_4011	k99_4011
	k99_4018	k99_4018
	k99_4022	k99_4022
	k99_4025	k99_4025
	k99_4029	k99_4029
	k99_4030	k99_4030
	k99_4034	k99_4034
	k99_4035	k99_4035
	k99_4038	k99_4038
	k99_4044	k99_4044
	k99_4046	k99_4046
	k99_4047	k99_4047
	k99_4049	k99_4049
	k99_4050	k99_4050
	k99_4053	k99_4053
	k99_4056	k99_4056
	k99_4057	k99_4057
	k99_4060	k99_4060
	k99_4067	k99_4067
	k99_4071	k99_4071
	k99_4076	k99_4076
	k99_4084	k99_4084
	k99_4091	k99_4091
	k99_4095	k99_4095
	k99_4096	k99_4096
	k99_4101	k99_4101
	k99_4120	k99_4120
	k99_4123	k99_4123
	k99_4124	k99_4124
	k99_4139	k99_4139
	k99_4154	k99_4154
	k99_4158	k99_4158
	k99_4159	k99_4159
	k99_4161	k99_4161
	k99_4162	k99_4162
	k99_4165	k99_4165
	k99_4172	k99_4172
	k99_4175	k99_4175
	k99_4176	k99_4176
	k99_4177	k99_4177
	k99_4182	k99_4182
	k99_4184	k99_4184
	k99_4194	k99_4194
	k99_4204	k99_4204
	k99_4207	k99_4207
	k99_4208	k99_4208
	k99_4209	k99_4209
	k99_4210	k99_4210
	k99_4211	k99_4211
	k99_4216	k99_4216
	k99_4221	k99_4221
	k99_4225	k99_4225
	k99_4231	k99_4231
	k99_4235	k99_4235
	k99_4238	k99_4238
	k99_4240	k99_4240
	k99_4241	k99_4241
	k99_4244	k99_4244
	k99_4257	k99_4257
	k99_4258	k99_4258
	k99_4260	k99_4260
	k99_4263	k99_4263
	k99_4266	k99_4266
	k99_4279	k99_4279
	k99_4285	k99_4285
	k99_4287	k99_4287
	k99_4290	k99_4290
	k99_4292	k99_4292
	k99_4296	k99_4296
	k99_4297	k99_4297
	k99_4299	k99_4299
	k99_4304	k99_4304
	k99_4305	k99_4305
	k99_4307	k99_4307
	k99_4308	k99_4308
	k99_4318	k99_4318
	k99_4319	k99_4319
	k99_4323	k99_4323
	k99_4324	k99_4324
	k99_4326	k99_4326
	k99_4333	k99_4333
	k99_4340	k99_4340
	k99_4341	k99_4341
	k99_4342	k99_4342
	k99_4345	k99_4345
	k99_4347	k99_4347
	k99_4349	k99_4349
	k99_4351	k99_4351
	k99_4352	k99_4352
	k99_4355	k99_4355
	k99_4356	k99_4356
	k99_4359	k99_4359
	k99_4363	k99_4363
	k99_4367	k99_4367
	k99_4368	k99_4368
	k99_4370	k99_4370
	k99_4373	k99_4373
	k99_4375	k99_4375
	k99_4380	k99_4380
	k99_4385	k99_4385
	k99_4386	k99_4386
	k99_4387	k99_4387
	k99_4391	k99_4391
	k99_4392	k99_4392
	k99_4394	k99_4394
	k99_4395	k99_4395
	k99_4397	k99_4397
	k99_4403	k99_4403
	k99_4405	k99_4405
	k99_4409	k99_4409
	k99_4412	k99_4412
	k99_4418	k99_4418
	k99_4420	k99_4420
	k99_4422	k99_4422
	k99_4423	k99_4423
	k99_4424	k99_4424
	k99_4425	k99_4425
	k99_4441	k99_4441
	k99_4444	k99_4444
	k99_4450	k99_4450
	k99_4472	k99_4472
	k99_4473	k99_4473
	k99_4474	k99_4474
	k99_4479	k99_4479
	k99_4480	k99_4480
	k99_4485	k99_4485
	k99_4488	k99_4488
	k99_4490	k99_4490
	k99_4492	k99_4492
	k99_4493	k99_4493
	k99_4497	k99_4497
	k99_4507	k99_4507
	k99_4513	k99_4513
	k99_4520	k99_4520
	k99_4523	k99_4523
	k99_4525	k99_4525
	k99_4528	k99_4528
	k99_4533	k99_4533
	k99_4536	k99_4536
	k99_4539	k99_4539
	k99_4545	k99_4545
	k99_4549	k99_4549
	k99_4551	k99_4551
	k99_4560	k99_4560
	k99_4565	k99_4565
	k99_4569	k99_4569
	k99_4574	k99_4574
	k99_4575	k99_4575
	k99_4579	k99_4579
	k99_4593	k99_4593
	k99_4601	k99_4601
	k99_4608	k99_4608
	k99_4617	k99_4617
	k99_4620	k99_4620
	k99_4627	k99_4627
	k99_4630	k99_4630
	k99_4632	k99_4632
	k99_4634	k99_4634
	k99_4639	k99_4639
	k99_4640	k99_4640
	k99_4641	k99_4641
	k99_4645	k99_4645
	k99_4647	k99_4647
	k99_4650	k99_4650
	k99_4655	k99_4655
	k99_4663	k99_4663
	k99_4670	k99_4670
	k99_4677	k99_4677
	k99_4679	k99_4679
	k99_4680	k99_4680
	k99_4689	k99_4689
	k99_4691	k99_4691
	k99_4696	k99_4696
	k99_4697	k99_4697
	k99_4700	k99_4700
	k99_4705	k99_4705
	k99_4714	k99_4714
	k99_4732	k99_4732
	k99_4734	k99_4734
	k99_4736	k99_4736
	k99_4741	k99_4741
	k99_4745	k99_4745
	k99_4747	k99_4747
	k99_4749	k99_4749
	k99_4750	k99_4750
	k99_4752	k99_4752
	k99_4757	k99_4757
	k99_4765	k99_4765
	k99_4768	k99_4768
	k99_4774	k99_4774
	k99_4776	k99_4776
	k99_4779	k99_4779
	k99_4784	k99_4784
	k99_4788	k99_4788
	k99_4789	k99_4789
	k99_4802	k99_4802
	k99_4804	k99_4804
	k99_4805	k99_4805
	k99_4809	k99_4809
	k99_4810	k99_4810
	k99_4813	k99_4813
	k99_4815	k99_4815
	k99_4824	k99_4824
	k99_4827	k99_4827
	k99_4865	k99_4865
	k99_4866	k99_4866
	k99_4867	k99_4867
	k99_4869	k99_4869
	k99_4872	k99_4872
	k99_4887	k99_4887
	k99_4894	k99_4894
	k99_4897	k99_4897
	k99_4905	k99_4905
	k99_4912	k99_4912
	k99_4918	k99_4918
	k99_4927	k99_4927
	k99_4929	k99_4929
	k99_4958	k99_4958
	k99_4964	k99_4964
	k99_4965	k99_4965
	k99_4970	k99_4970
	k99_4980	k99_4980
	k99_4984	k99_4984
	k99_4986	k99_4986
	k99_4992	k99_4992
	k99_4995	k99_4995
	k99_4996	k99_4996
	k99_4998	k99_4998
	k99_5001	k99_5001
	k99_5005	k99_5005
	k99_5006	k99_5006
	k99_5007	k99_5007
	k99_5013	k99_5013
	k99_5014	k99_5014
	k99_5016	k99_5016
	k99_5023	k99_5023
	k99_5024	k99_5024
	k99_5029	k99_5029
	k99_5039	k99_5039
	k99_5041	k99_5041
	k99_5042	k99_5042
	k99_5043	k99_5043
	k99_5044	k99_5044
	k99_5046	k99_5046
	k99_5049	k99_5049
	k99_5050	k99_5050
	k99_5052	k99_5052
	k99_5055	k99_5055
	k99_5059	k99_5059
	k99_5080	k99_5080
	k99_5082	k99_5082
	k99_5085	k99_5085
	k99_5089	k99_5089
	k99_5091	k99_5091
	k99_5092	k99_5092
	k99_5093	k99_5093
	k99_5098	k99_5098
	k99_5103	k99_5103
	k99_5105	k99_5105
	k99_5109	k99_5109
	k99_5111	k99_5111
	k99_5116	k99_5116
	k99_5117	k99_5117
	k99_5118	k99_5118
	k99_5119	k99_5119
	k99_5121	k99_5121
	k99_5126	k99_5126
	k99_5131	k99_5131
	k99_5142	k99_5142
	k99_5149	k99_5149
	k99_5150	k99_5150
	k99_5160	k99_5160
	k99_5163	k99_5163
	k99_5164	k99_5164
	k99_5165	k99_5165
	k99_5176	k99_5176
	k99_5177	k99_5177
	k99_5192	k99_5192
	k99_5195	k99_5195
	k99_5200	k99_5200
	k99_5201	k99_5201
	k99_5202	k99_5202
	k99_5206	k99_5206
	k99_5210	k99_5210
	k99_5215	k99_5215
	k99_5219	k99_5219
	k99_5221	k99_5221
	k99_5222	k99_5222
	k99_5224	k99_5224
	k99_5228	k99_5228
	k99_5231	k99_5231
	k99_5241	k99_5241
	k99_5244	k99_5244
	k99_5245	k99_5245
	k99_5252	k99_5252
	k99_5264	k99_5264
	k99_5267	k99_5267
	k99_5271	k99_5271
	k99_5272	k99_5272
	k99_5284	k99_5284
	k99_5291	k99_5291
	k99_5293	k99_5293
	k99_5298	k99_5298
	k99_5300	k99_5300
	k99_5301	k99_5301
	k99_5308	k99_5308
	k99_5319	k99_5319
	k99_5320	k99_5320
	k99_5324	k99_5324
	k99_5327	k99_5327
	k99_5330	k99_5330
	k99_5331	k99_5331
	k99_5332	k99_5332
	k99_5334	k99_5334
	k99_5336	k99_5336
	k99_5353	k99_5353
	k99_5355	k99_5355
	k99_5357	k99_5357
	k99_5361	k99_5361
	k99_5363	k99_5363
	k99_5368	k99_5368
	k99_5370	k99_5370
	k99_5371	k99_5371
	k99_5374	k99_5374
	k99_5380	k99_5380
	k99_5381	k99_5381
	k99_5390	k99_5390
	k99_5392	k99_5392
	k99_5393	k99_5393
	k99_5395	k99_5395
	k99_5397	k99_5397
	k99_5399	k99_5399
	k99_5403	k99_5403
	k99_5407	k99_5407
	k99_5408	k99_5408
	k99_5412	k99_5412
	k99_5422	k99_5422
	k99_5426	k99_5426
	k99_5427	k99_5427
	k99_5430	k99_5430
	k99_5444	k99_5444
	k99_5449	k99_5449
	k99_5450	k99_5450
	k99_5457	k99_5457
	k99_5460	k99_5460
	k99_5466	k99_5466
	k99_5473	k99_5473
	k99_5474	k99_5474
	k99_5476	k99_5476
	k99_5481	k99_5481
	k99_5485	k99_5485
	k99_5487	k99_5487
	k99_5488	k99_5488
	k99_5489	k99_5489
	k99_5494	k99_5494
	k99_5497	k99_5497
	k99_5499	k99_5499
	k99_5501	k99_5501
	k99_5510	k99_5510
	k99_5513	k99_5513
	k99_5526	k99_5526
	k99_5527	k99_5527
	k99_5530	k99_5530
	k99_5533	k99_5533
	k99_5535	k99_5535
	k99_5536	k99_5536
	k99_5541	k99_5541
	k99_5542	k99_5542
	k99_5550	k99_5550
	k99_5552	k99_5552
	k99_5561	k99_5561
	k99_5562	k99_5562
	k99_5566	k99_5566
	k99_5567	k99_5567
	k99_5571	k99_5571
	k99_5583	k99_5583
	k99_5589	k99_5589
	k99_5590	k99_5590
	k99_5592	k99_5592
	k99_5597	k99_5597
	k99_5598	k99_5598
	k99_5599	k99_5599
	k99_5601	k99_5601
	k99_5602	k99_5602
	k99_5605	k99_5605
	k99_5606	k99_5606
	k99_5607	k99_5607
	k99_5613	k99_5613
	k99_5616	k99_5616
	k99_5617	k99_5617
	k99_5621	k99_5621
	k99_5624	k99_5624
	k99_5626	k99_5626
	k99_5652	k99_5652
	k99_5654	k99_5654
	k99_5655	k99_5655
	k99_5656	k99_5656
	k99_5660	k99_5660
	k99_5661	k99_5661
	k99_5668	k99_5668
	k99_5670	k99_5670
	k99_5671	k99_5671
	k99_5674	k99_5674
	k99_5677	k99_5677
	k99_5679	k99_5679
	k99_5681	k99_5681
	k99_5682	k99_5682
	k99_5686	k99_5686
	k99_5688	k99_5688
	k99_5697	k99_5697
	k99_5698	k99_5698
	k99_5701	k99_5701
	k99_5703	k99_5703
	k99_5704	k99_5704
	k99_5708	k99_5708
	k99_5713	k99_5713
	k99_5717	k99_5717
	k99_5720	k99_5720
	k99_5728	k99_5728
	k99_5732	k99_5732
	k99_5744	k99_5744
	k99_5746	k99_5746
	k99_5749	k99_5749
	k99_5752	k99_5752
	k99_5766	k99_5766
	k99_5767	k99_5767
	k99_5769	k99_5769
	k99_5774	k99_5774
	k99_5779	k99_5779
	k99_5783	k99_5783
	k99_5785	k99_5785
	k99_5789	k99_5789
	k99_5795	k99_5795
	k99_5798	k99_5798
	k99_5809	k99_5809
	k99_5810	k99_5810
	k99_5815	k99_5815
	k99_5818	k99_5818
	k99_5819	k99_5819
	k99_5823	k99_5823
	k99_5824	k99_5824
	k99_5828	k99_5828
	k99_5832	k99_5832
	k99_5833	k99_5833
	k99_5837	k99_5837
	k99_5841	k99_5841
	k99_5842	k99_5842
	k99_5843	k99_5843
	k99_5848	k99_5848
	k99_5850	k99_5850
	k99_5852	k99_5852
	k99_5853	k99_5853
	k99_5854	k99_5854
	k99_5861	k99_5861
	k99_5862	k99_5862
	k99_5869	k99_5869
	k99_5871	k99_5871
	k99_5873	k99_5873
	k99_5874	k99_5874
	k99_5875	k99_5875
	k99_5878	k99_5878
	k99_5882	k99_5882
	k99_5887	k99_5887
	k99_5890	k99_5890
	k99_5906	k99_5906
	k99_5911	k99_5911
	k99_5913	k99_5913
	k99_5915	k99_5915
	k99_5916	k99_5916
	k99_5917	k99_5917
	k99_5918	k99_5918
	k99_5921	k99_5921
	k99_5922	k99_5922
	k99_5926	k99_5926
	k99_5931	k99_5931
	k99_5933	k99_5933
	k99_5934	k99_5934
	k99_5940	k99_5940
	k99_5942	k99_5942
	k99_5945	k99_5945
	k99_5946	k99_5946
	k99_5951	k99_5951
	k99_5956	k99_5956
	k99_5966	k99_5966
	k99_5968	k99_5968
	k99_5977	k99_5977
	k99_5978	k99_5978
	k99_5982	k99_5982
	k99_5985	k99_5985
	k99_5988	k99_5988
	k99_5991	k99_5991
	k99_5993	k99_5993
	k99_6005	k99_6005
	k99_6008	k99_6008
	k99_6012	k99_6012
	k99_6020	k99_6020
	k99_6025	k99_6025
	k99_6028	k99_6028
	k99_6035	k99_6035
	k99_6036	k99_6036
	k99_6037	k99_6037
	k99_6038	k99_6038
	k99_6041	k99_6041
	k99_6044	k99_6044
	k99_6046	k99_6046
	k99_6055	k99_6055
	k99_6056	k99_6056
	k99_6057	k99_6057
	k99_6060	k99_6060
	k99_6061	k99_6061
	k99_6062	k99_6062
	k99_6070	k99_6070
	k99_6071	k99_6071
	k99_6075	k99_6075
	k99_6081	k99_6081
	k99_6085	k99_6085
	k99_6090	k99_6090
	k99_6094	k99_6094
	k99_6101	k99_6101
	k99_6104	k99_6104
	k99_6105	k99_6105
	k99_6115	k99_6115
	k99_6116	k99_6116
	k99_6117	k99_6117
	k99_6118	k99_6118
	k99_6121	k99_6121
	k99_6122	k99_6122
	k99_6127	k99_6127
	k99_6134	k99_6134
	k99_6135	k99_6135
	k99_6138	k99_6138
	k99_6157	k99_6157
	k99_6171	k99_6171
	k99_6176	k99_6176
	k99_6180	k99_6180
	k99_6185	k99_6185
	k99_6186	k99_6186
	k99_6188	k99_6188
	k99_6189	k99_6189
	k99_6195	k99_6195
	k99_6197	k99_6197
	k99_6199	k99_6199
	k99_6203	k99_6203
	k99_6206	k99_6206
	k99_6210	k99_6210
	k99_6211	k99_6211
	k99_6223	k99_6223
	k99_6229	k99_6229
	k99_6235	k99_6235
	k99_6236	k99_6236
	k99_6242	k99_6242
	k99_6244	k99_6244
	k99_6245	k99_6245
	k99_6250	k99_6250
	k99_6252	k99_6252
	k99_6255	k99_6255
	k99_6266	k99_6266
	k99_6271	k99_6271
	k99_6275	k99_6275
	k99_6279	k99_6279
	k99_6284	k99_6284
	k99_6287	k99_6287
	k99_6292	k99_6292
	k99_6293	k99_6293
	k99_6301	k99_6301
	k99_6310	k99_6310
	k99_6312	k99_6312
	k99_6320	k99_6320
	k99_6335	k99_6335
	k99_6338	k99_6338
	k99_6346	k99_6346
	k99_6351	k99_6351
	k99_6352	k99_6352
	k99_6359	k99_6359
	k99_6368	k99_6368
	k99_6379	k99_6379
	k99_6386	k99_6386
	k99_6387	k99_6387
	k99_6388	k99_6388
	k99_6391	k99_6391
	k99_6396	k99_6396
	k99_6397	k99_6397
	k99_6398	k99_6398
	k99_6401	k99_6401
	k99_6403	k99_6403
	k99_6408	k99_6408
	k99_6411	k99_6411
	k99_6422	k99_6422
	k99_6423	k99_6423
	k99_6425	k99_6425
	k99_6426	k99_6426
	k99_6428	k99_6428
	k99_6437	k99_6437
	k99_6439	k99_6439
	k99_6440	k99_6440
	k99_6441	k99_6441
	k99_6442	k99_6442
	k99_6443	k99_6443
	k99_6449	k99_6449
	k99_6450	k99_6450
	k99_6452	k99_6452
	k99_6455	k99_6455
	k99_6457	k99_6457
	k99_6462	k99_6462
	k99_6465	k99_6465
	k99_6469	k99_6469
	k99_6473	k99_6473
	k99_6474	k99_6474
	k99_6480	k99_6480
	k99_6481	k99_6481
	k99_6485	k99_6485
	k99_6486	k99_6486
	k99_6488	k99_6488
	k99_6493	k99_6493
	k99_6498	k99_6498
	k99_6499	k99_6499
	k99_6508	k99_6508
	k99_6511	k99_6511
	k99_6513	k99_6513
	k99_6519	k99_6519
	k99_6520	k99_6520
	k99_6530	k99_6530
	k99_6531	k99_6531
	k99_6535	k99_6535
	k99_6537	k99_6537
	k99_6540	k99_6540
	k99_6542	k99_6542
	k99_6545	k99_6545
	k99_6549	k99_6549
	k99_6552	k99_6552
	k99_6556	k99_6556
	k99_6568	k99_6568
	k99_6569	k99_6569
	k99_6573	k99_6573
	k99_6580	k99_6580
	k99_6581	k99_6581
	k99_6585	k99_6585
	k99_6591	k99_6591
	k99_6595	k99_6595
	k99_6601	k99_6601
	k99_6603	k99_6603
	k99_6604	k99_6604
	k99_6606	k99_6606
	k99_6608	k99_6608
	k99_6612	k99_6612
	k99_6613	k99_6613
	k99_6616	k99_6616
	k99_6617	k99_6617
	k99_6623	k99_6623
	k99_6625	k99_6625
	k99_6626	k99_6626
	k99_6627	k99_6627
	k99_6629	k99_6629
	k99_6630	k99_6630
	k99_6632	k99_6632
	k99_6634	k99_6634
	k99_6636	k99_6636
	k99_6642	k99_6642
	k99_6649	k99_6649
	k99_6653	k99_6653
	k99_6654	k99_6654
	k99_6657	k99_6657
	k99_6662	k99_6662
	k99_6667	k99_6667
	k99_6675	k99_6675
	k99_6682	k99_6682
	k99_6694	k99_6694
	k99_6699	k99_6699
	k99_6704	k99_6704
	k99_6707	k99_6707
	k99_6710	k99_6710
	k99_6715	k99_6715
	k99_6717	k99_6717
	k99_6728	k99_6728
	k99_6733	k99_6733
	k99_6742	k99_6742
	k99_6758	k99_6758
	k99_6760	k99_6760
	k99_6764	k99_6764
	k99_6766	k99_6766
	k99_6771	k99_6771
	k99_6773	k99_6773
	k99_6774	k99_6774
	k99_6775	k99_6775
	k99_6784	k99_6784
	k99_6792	k99_6792
	k99_6805	k99_6805
	k99_6806	k99_6806
	k99_6811	k99_6811
	k99_6812	k99_6812
	k99_6814	k99_6814
	k99_6815	k99_6815
	k99_6817	k99_6817
	k99_6820	k99_6820
	k99_6822	k99_6822
	k99_6823	k99_6823
	k99_6828	k99_6828
	k99_6840	k99_6840
	k99_6843	k99_6843
	k99_6850	k99_6850
	k99_6852	k99_6852
	k99_6853	k99_6853
	k99_6854	k99_6854
	k99_6859	k99_6859
	k99_6860	k99_6860
	k99_6866	k99_6866
	k99_6867	k99_6867
	k99_6874	k99_6874
	k99_6877	k99_6877
	k99_6881	k99_6881
	k99_6882	k99_6882
	k99_6884	k99_6884
	k99_6902	k99_6902
	k99_6908	k99_6908
	k99_6928	k99_6928
	k99_6937	k99_6937
	k99_6938	k99_6938
	k99_6940	k99_6940
	k99_6944	k99_6944
	k99_6947	k99_6947
	k99_6952	k99_6952
	k99_6958	k99_6958
	k99_6964	k99_6964
	k99_6971	k99_6971
	k99_6983	k99_6983
	k99_6990	k99_6990
	k99_7007	k99_7007
	k99_7010	k99_7010
	k99_7014	k99_7014
	k99_7017	k99_7017
	k99_7018	k99_7018
	k99_7024	k99_7024
	k99_7033	k99_7033
	k99_7035	k99_7035
	k99_7053	k99_7053
	k99_7058	k99_7058
	k99_7061	k99_7061
	k99_7062	k99_7062
	k99_7064	k99_7064
	k99_7065	k99_7065
	k99_7078	k99_7078
	k99_7080	k99_7080
	k99_7089	k99_7089
	k99_7094	k99_7094
	k99_7099	k99_7099
	k99_7100	k99_7100
	k99_7105	k99_7105
	k99_7106	k99_7106
	k99_7107	k99_7107
	k99_7113	k99_7113
	k99_7116	k99_7116
	k99_7117	k99_7117
	k99_7118	k99_7118
	k99_7119	k99_7119
	k99_7120	k99_7120
	k99_7124	k99_7124
	k99_7127	k99_7127
	k99_7129	k99_7129
	k99_7132	k99_7132
	k99_7135	k99_7135
	k99_7136	k99_7136
	k99_7139	k99_7139
	k99_7148	k99_7148
	k99_7153	k99_7153
	k99_7157	k99_7157
	k99_7165	k99_7165
	k99_7172	k99_7172
	k99_7174	k99_7174
	k99_7176	k99_7176
	k99_7177	k99_7177
	k99_7187	k99_7187
	k99_7188	k99_7188
	k99_7203	k99_7203
	k99_7213	k99_7213
	k99_7218	k99_7218
	k99_7238	k99_7238
	k99_7242	k99_7242
	k99_7244	k99_7244
	k99_7246	k99_7246
	k99_7252	k99_7252
	k99_7255	k99_7255
	k99_7263	k99_7263
	k99_7276	k99_7276
	k99_7291	k99_7291
	k99_7298	k99_7298
	k99_7300	k99_7300
	k99_7304	k99_7304
	k99_7310	k99_7310
	k99_7314	k99_7314
	k99_7320	k99_7320
	k99_7325	k99_7325
	k99_7338	k99_7338
	k99_7352	k99_7352
	k99_7356	k99_7356
	k99_7361	k99_7361
	k99_7383	k99_7383
	k99_7384	k99_7384
	k99_7387	k99_7387
	k99_7388	k99_7388
	k99_7393	k99_7393
	k99_7399	k99_7399
	k99_7404	k99_7404
	k99_7418	k99_7418
	k99_7419	k99_7419
	k99_7437	k99_7437
	k99_7445	k99_7445
	k99_7452	k99_7452
	k99_7454	k99_7454
	k99_7461	k99_7461
	k99_7465	k99_7465
	k99_7468	k99_7468
	k99_7472	k99_7472
	k99_7475	k99_7475
	k99_7478	k99_7478
	k99_7482	k99_7482
	k99_7484	k99_7484
	k99_7485	k99_7485
	k99_7490	k99_7490
	k99_7497	k99_7497
	k99_7498	k99_7498
	k99_7502	k99_7502
	k99_7503	k99_7503
	k99_7504	k99_7504
	k99_7505	k99_7505
	k99_7507	k99_7507
	k99_7512	k99_7512
	k99_7514	k99_7514
	k99_7520	k99_7520
	k99_7523	k99_7523
	k99_7530	k99_7530
	k99_7533	k99_7533
	k99_7538	k99_7538
	k99_7543	k99_7543
	k99_7545	k99_7545
	k99_7546	k99_7546
	k99_7547	k99_7547
	k99_7550	k99_7550
	k99_7554	k99_7554
	k99_7560	k99_7560
	k99_7561	k99_7561
	k99_7566	k99_7566
	k99_7567	k99_7567
	k99_7568	k99_7568
	k99_7576	k99_7576
	k99_7578	k99_7578
	k99_7579	k99_7579
	k99_7583	k99_7583
	k99_7585	k99_7585
	k99_7587	k99_7587
	k99_7590	k99_7590
	k99_7598	k99_7598
	k99_7605	k99_7605
	k99_7608	k99_7608
	k99_7609	k99_7609
	k99_7612	k99_7612
	k99_7616	k99_7616
	k99_7626	k99_7626
	k99_7630	k99_7630
	k99_7632	k99_7632
	k99_7643	k99_7643
	k99_7656	k99_7656
	k99_7657	k99_7657
	k99_7659	k99_7659
	k99_7662	k99_7662
	k99_7667	k99_7667
	k99_7668	k99_7668
	k99_7669	k99_7669
	k99_7672	k99_7672
	k99_7673	k99_7673
	k99_7678	k99_7678
	k99_7679	k99_7679
	k99_7680	k99_7680
	k99_7683	k99_7683
	k99_7685	k99_7685
	k99_7687	k99_7687
	k99_7688	k99_7688
	k99_7689	k99_7689
	k99_7690	k99_7690
	k99_7691	k99_7691
	k99_7692	k99_7692
	k99_7693	k99_7693
	k99_7694	k99_7694
	k99_7711	k99_7711
	k99_7713	k99_7713
	k99_7718	k99_7718
	k99_7719	k99_7719
	k99_7720	k99_7720
	k99_7730	k99_7730
	k99_7731	k99_7731
	k99_7736	k99_7736
	k99_7741	k99_7741
	k99_7753	k99_7753
	k99_7758	k99_7758
	k99_7760	k99_7760
	k99_7761	k99_7761
	k99_7763	k99_7763
	k99_7764	k99_7764
	k99_7766	k99_7766
	k99_7771	k99_7771
	k99_7772	k99_7772
	k99_7778	k99_7778
	k99_7783	k99_7783
	k99_7788	k99_7788
	k99_7790	k99_7790
	k99_7791	k99_7791
	k99_7794	k99_7794
	k99_7801	k99_7801
	k99_7803	k99_7803
	k99_7807	k99_7807
	k99_7811	k99_7811
	k99_7817	k99_7817
	k99_7824	k99_7824
	k99_7835	k99_7835
	k99_7852	k99_7852
	k99_7858	k99_7858
	k99_7863	k99_7863
	k99_7864	k99_7864
	k99_7866	k99_7866
	k99_7875	k99_7875
	k99_7879	k99_7879
	k99_7881	k99_7881
	k99_7883	k99_7883
	k99_7887	k99_7887
	k99_7891	k99_7891
	k99_7898	k99_7898
	k99_7904	k99_7904
	k99_7908	k99_7908
	k99_7912	k99_7912
	k99_7915	k99_7915
	k99_7921	k99_7921
	k99_7922	k99_7922
	k99_7928	k99_7928
	k99_7938	k99_7938
	k99_7941	k99_7941
	k99_7946	k99_7946
	k99_7949	k99_7949
	k99_7962	k99_7962
	k99_7963	k99_7963
	k99_7966	k99_7966
	k99_7967	k99_7967
	k99_7970	k99_7970
	k99_7971	k99_7971
	k99_7972	k99_7972
	k99_7980	k99_7980
	k99_7986	k99_7986
	k99_7987	k99_7987
	k99_7996	k99_7996
	k99_7998	k99_7998
	k99_7999	k99_7999
	k99_8002	k99_8002
	k99_8015	k99_8015
	k99_8032	k99_8032
	k99_8035	k99_8035
	k99_8036	k99_8036
	k99_8049	k99_8049
	k99_8050	k99_8050
	k99_8053	k99_8053
	k99_8055	k99_8055
	k99_8056	k99_8056
	k99_8063	k99_8063
	k99_8067	k99_8067
	k99_8074	k99_8074
	k99_8077	k99_8077
	k99_8080	k99_8080
	k99_8094	k99_8094
	k99_8099	k99_8099
	k99_8110	k99_8110
	k99_8112	k99_8112
	k99_8116	k99_8116
	k99_8121	k99_8121
	k99_8122	k99_8122
	k99_8125	k99_8125
	k99_8127	k99_8127
	k99_8137	k99_8137
	k99_8144	k99_8144
	k99_8152	k99_8152
	k99_8157	k99_8157
	k99_8167	k99_8167
	k99_8168	k99_8168
	k99_8174	k99_8174
	k99_8175	k99_8175
	k99_8181	k99_8181
	k99_8182	k99_8182
	k99_8183	k99_8183
	k99_8190	k99_8190
	k99_8192	k99_8192
	k99_8205	k99_8205
	k99_8206	k99_8206
	k99_8207	k99_8207
	k99_8211	k99_8211
	k99_8213	k99_8213
	k99_8215	k99_8215
	k99_8217	k99_8217
	k99_8219	k99_8219
	k99_8225	k99_8225
	k99_8227	k99_8227
	k99_8228	k99_8228
	k99_8229	k99_8229
	k99_8231	k99_8231
	k99_8234	k99_8234
	k99_8236	k99_8236
	k99_8240	k99_8240
	k99_8242	k99_8242
	k99_8245	k99_8245
	k99_8246	k99_8246
	k99_8249	k99_8249
	k99_8257	k99_8257
	k99_8261	k99_8261
	k99_8263	k99_8263
	k99_8266	k99_8266
	k99_8285	k99_8285
	k99_8286	k99_8286
	k99_8289	k99_8289
	k99_8290	k99_8290
	k99_8293	k99_8293
	k99_8307	k99_8307
	k99_8310	k99_8310
	k99_8312	k99_8312
	k99_8313	k99_8313
	k99_8315	k99_8315
	k99_8337	k99_8337
	k99_8346	k99_8346
	k99_8359	k99_8359
	k99_8367	k99_8367
	k99_8368	k99_8368
	k99_8372	k99_8372
	k99_8375	k99_8375
	k99_8378	k99_8378
	k99_8389	k99_8389
	k99_8393	k99_8393
	k99_8396	k99_8396
	k99_8402	k99_8402
	k99_8410	k99_8410
	k99_8411	k99_8411
	k99_8415	k99_8415
	k99_8417	k99_8417
	k99_8418	k99_8418
	k99_8419	k99_8419
	k99_8421	k99_8421
	k99_8422	k99_8422
	k99_8426	k99_8426
	k99_8428	k99_8428
	k99_8432	k99_8432
	k99_8434	k99_8434
	k99_8437	k99_8437
	k99_8440	k99_8440
	k99_8444	k99_8444
	k99_8445	k99_8445
	k99_8447	k99_8447
	k99_8454	k99_8454
	k99_8457	k99_8457
	k99_8462	k99_8462
	k99_8465	k99_8465
	k99_8484	k99_8484
	k99_8487	k99_8487
	k99_8489	k99_8489
	k99_8501	k99_8501
	k99_8505	k99_8505
	k99_8507	k99_8507
	k99_8510	k99_8510
	k99_8511	k99_8511
	k99_8522	k99_8522
	k99_8523	k99_8523
	k99_8528	k99_8528
	k99_8530	k99_8530
	k99_8537	k99_8537
	k99_8539	k99_8539
	k99_8540	k99_8540
	k99_8548	k99_8548
	k99_8549	k99_8549
	k99_8554	k99_8554
	k99_8555	k99_8555
	k99_8556	k99_8556
	k99_8562	k99_8562
	k99_8565	k99_8565
	k99_8570	k99_8570
	k99_8572	k99_8572
	k99_8573	k99_8573
	k99_8574	k99_8574
	k99_8577	k99_8577
	k99_8579	k99_8579
	k99_8581	k99_8581
	k99_8588	k99_8588
	k99_8598	k99_8598
	k99_8601	k99_8601
	k99_8603	k99_8603
	k99_8611	k99_8611
	k99_8612	k99_8612
	k99_8614	k99_8614
	k99_8622	k99_8622
	k99_8627	k99_8627
	k99_8631	k99_8631
	k99_8636	k99_8636
	k99_8640	k99_8640
	k99_8641	k99_8641
	k99_8648	k99_8648
	k99_8649	k99_8649
	k99_8656	k99_8656
	k99_8662	k99_8662
	k99_8663	k99_8663
	k99_8665	k99_8665
	k99_8666	k99_8666
	k99_8669	k99_8669
	k99_8673	k99_8673
	k99_8674	k99_8674
	k99_8682	k99_8682
	k99_8694	k99_8694
	k99_8695	k99_8695
	k99_8706	k99_8706
	k99_8709	k99_8709
	k99_8710	k99_8710
	k99_8716	k99_8716
	k99_8719	k99_8719
	k99_8729	k99_8729
	k99_8731	k99_8731
	k99_8732	k99_8732
	k99_8740	k99_8740
	k99_8747	k99_8747
	k99_8748	k99_8748
	k99_8753	k99_8753
	k99_8762	k99_8762
	k99_8764	k99_8764
	k99_8765	k99_8765
	k99_8770	k99_8770
	k99_8778	k99_8778
	k99_8779	k99_8779
	k99_8781	k99_8781
	k99_8797	k99_8797
	k99_8806	k99_8806
	k99_8807	k99_8807
	k99_8808	k99_8808
	k99_8809	k99_8809
	k99_8813	k99_8813
	k99_8817	k99_8817
	k99_8823	k99_8823
	k99_8827	k99_8827
	k99_8834	k99_8834
	k99_8840	k99_8840
	k99_8849	k99_8849
	k99_8850	k99_8850
	k99_8854	k99_8854
	k99_8862	k99_8862
	k99_8864	k99_8864
	k99_8865	k99_8865
	k99_8866	k99_8866
	k99_8867	k99_8867
	k99_8871	k99_8871
	k99_8874	k99_8874
	k99_8877	k99_8877
	k99_8880	k99_8880
	k99_8890	k99_8890
	k99_8891	k99_8891
	k99_8903	k99_8903
	k99_8914	k99_8914
	k99_8917	k99_8917
	k99_8918	k99_8918
	k99_8924	k99_8924
	k99_8932	k99_8932
	k99_8934	k99_8934
	k99_8945	k99_8945
	k99_8946	k99_8946
	k99_8950	k99_8950
	k99_8952	k99_8952
	k99_8958	k99_8958
	k99_8959	k99_8959
	k99_8961	k99_8961
	k99_8966	k99_8966
	k99_8973	k99_8973
	k99_8986	k99_8986
	k99_8987	k99_8987
	k99_8990	k99_8990
	k99_8991	k99_8991
	k99_9004	k99_9004
	k99_9008	k99_9008
	k99_9010	k99_9010
	k99_9014	k99_9014
	k99_9019	k99_9019
	k99_9026	k99_9026
	k99_9028	k99_9028
	k99_9031	k99_9031
	k99_9040	k99_9040
	k99_9041	k99_9041
	k99_9042	k99_9042
	k99_9043	k99_9043
	k99_9046	k99_9046
	k99_9047	k99_9047
	k99_9052	k99_9052
	k99_9053	k99_9053
	k99_9054	k99_9054
	k99_9057	k99_9057
	k99_9058	k99_9058
	k99_9060	k99_9060
	k99_9068	k99_9068
	k99_9076	k99_9076
	k99_9081	k99_9081
	k99_9083	k99_9083
	k99_9100	k99_9100
	k99_9101	k99_9101
	k99_9103	k99_9103
	k99_9104	k99_9104
	k99_9116	k99_9116
	k99_9122	k99_9122
	k99_9124	k99_9124
	k99_9126	k99_9126
	k99_9131	k99_9131
	k99_9133	k99_9133
	k99_9135	k99_9135
	k99_9137	k99_9137
	k99_9145	k99_9145
	k99_9151	k99_9151
	k99_9155	k99_9155
	k99_9170	k99_9170
	k99_9173	k99_9173
	k99_9175	k99_9175
	k99_9177	k99_9177
	k99_9178	k99_9178
	k99_9181	k99_9181
	k99_9182	k99_9182
	k99_9183	k99_9183
	k99_9186	k99_9186
	k99_9216	k99_9216
	k99_9218	k99_9218
	k99_9227	k99_9227
	k99_9243	k99_9243
	k99_9249	k99_9249
	k99_9252	k99_9252
	k99_9261	k99_9261
	k99_9268	k99_9268
	k99_9272	k99_9272
	k99_9275	k99_9275
	k99_9276	k99_9276
	k99_9278	k99_9278
	k99_9279	k99_9279
	k99_9311	k99_9311
	k99_9313	k99_9313
	k99_9316	k99_9316
	k99_9319	k99_9319
	k99_9322	k99_9322
	k99_9323	k99_9323
	k99_9326	k99_9326
	k99_9329	k99_9329
	k99_9342	k99_9342
	k99_9347	k99_9347
	k99_9353	k99_9353
	k99_9354	k99_9354
	k99_9356	k99_9356
	k99_9357	k99_9357
	k99_9359	k99_9359
	k99_9362	k99_9362
	k99_9366	k99_9366
	k99_9374	k99_9374
	k99_9387	k99_9387
	k99_9394	k99_9394
	k99_9399	k99_9399
	k99_9400	k99_9400
	k99_9403	k99_9403
	k99_9413	k99_9413
	k99_9416	k99_9416
	k99_9426	k99_9426
	k99_9428	k99_9428
	k99_9438	k99_9438
	k99_9445	k99_9445
	k99_9450	k99_9450
	k99_9451	k99_9451
	k99_9453	k99_9453
	k99_9459	k99_9459
	k99_9460	k99_9460
	k99_9469	k99_9469
	k99_9484	k99_9484
	k99_9488	k99_9488
	k99_9491	k99_9491
	k99_9497	k99_9497
	k99_9503	k99_9503
	k99_9512	k99_9512
	k99_9513	k99_9513
	k99_9516	k99_9516
	k99_9525	k99_9525
	k99_9527	k99_9527
	k99_9530	k99_9530
	k99_9542	k99_9542
	k99_9548	k99_9548
	k99_9557	k99_9557
	k99_9558	k99_9558
	k99_9570	k99_9570
	k99_9579	k99_9579
	k99_9580	k99_9580
	k99_9583	k99_9583
	k99_9595	k99_9595
	k99_9596	k99_9596
	k99_9598	k99_9598
	k99_9601	k99_9601
	k99_9602	k99_9602
	k99_9613	k99_9613
	k99_9617	k99_9617
	k99_9622	k99_9622
	k99_9629	k99_9629
	k99_9631	k99_9631
	k99_9636	k99_9636
	k99_9642	k99_9642
	k99_9643	k99_9643
	k99_9649	k99_9649
	k99_9654	k99_9654
	k99_9657	k99_9657
	k99_9670	k99_9670
	k99_9671	k99_9671
	k99_9675	k99_9675
	k99_9676	k99_9676
	k99_9678	k99_9678
	k99_9683	k99_9683
	k99_9684	k99_9684
	k99_9687	k99_9687
	k99_9707	k99_9707
	k99_9715	k99_9715
	k99_9717	k99_9717
	k99_9718	k99_9718
	k99_9723	k99_9723
	k99_9728	k99_9728
	k99_9732	k99_9732
	k99_9734	k99_9734
	k99_9742	k99_9742
	k99_9744	k99_9744
	k99_9747	k99_9747
	k99_9752	k99_9752
	k99_9760	k99_9760
	k99_9761	k99_9761
	k99_9762	k99_9762
	k99_9763	k99_9763
	k99_9764	k99_9764
	k99_9765	k99_9765
	k99_9775	k99_9775
	k99_9776	k99_9776
	k99_9779	k99_9779
	k99_9787	k99_9787
	k99_9788	k99_9788
	k99_9792	k99_9792
	k99_9808	k99_9808
	k99_9811	k99_9811
	k99_9812	k99_9812
	k99_9818	k99_9818
	k99_9826	k99_9826
	k99_9827	k99_9827
	k99_9830	k99_9830
	k99_9835	k99_9835
	k99_9843	k99_9843
	k99_9844	k99_9844
	k99_9846	k99_9846
	k99_9856	k99_9856
	k99_9883	k99_9883
	k99_9887	k99_9887
	k99_9888	k99_9888
	k99_9889	k99_9889
	k99_9890	k99_9890
	k99_9896	k99_9896
	k99_9901	k99_9901
	k99_9903	k99_9903
	k99_9904	k99_9904
	k99_9910	k99_9910
	k99_9917	k99_9917
	k99_9930	k99_9930
	k99_9935	k99_9935
	k99_9937	k99_9937
	k99_9943	k99_9943
	k99_9952	k99_9952
	k99_9953	k99_9953
	k99_9958	k99_9958
	k99_9967	k99_9967
	k99_9985	k99_9985
	k99_9986	k99_9986
	k99_9987	k99_9987
	k99_9992	k99_9992
	k99_9994	k99_9994
	k99_9995	k99_9995
	k99_10017	k99_10017
	k99_10019	k99_10019
	k99_10023	k99_10023
	k99_10030	k99_10030
	k99_10035	k99_10035
	k99_10036	k99_10036
	k99_10037	k99_10037
	k99_10041	k99_10041
	k99_10045	k99_10045
	k99_10046	k99_10046
	k99_10048	k99_10048
	k99_10056	k99_10056
	k99_10063	k99_10063
	k99_10065	k99_10065
	k99_10066	k99_10066
	k99_10069	k99_10069
	k99_10073	k99_10073
	k99_10074	k99_10074
	k99_10076	k99_10076
	k99_10080	k99_10080
	k99_10081	k99_10081
	k99_10095	k99_10095
	k99_10096	k99_10096
	k99_10099	k99_10099
	k99_10102	k99_10102
	k99_10130	k99_10130
	k99_10133	k99_10133
	k99_10139	k99_10139
	k99_10142	k99_10142
	k99_10146	k99_10146
	k99_10147	k99_10147
	k99_10153	k99_10153
	k99_10157	k99_10157
	k99_10166	k99_10166
	k99_10170	k99_10170
	k99_10178	k99_10178
	k99_10179	k99_10179
	k99_10188	k99_10188
	k99_10192	k99_10192
	k99_10194	k99_10194
	k99_10207	k99_10207
	k99_10212	k99_10212
	k99_10215	k99_10215
	k99_10216	k99_10216
	k99_10217	k99_10217
	k99_10220	k99_10220
	k99_10223	k99_10223
	k99_10224	k99_10224
	k99_10226	k99_10226
	k99_10232	k99_10232
	k99_10234	k99_10234
	k99_10238	k99_10238
	k99_10252	k99_10252
	k99_10257	k99_10257
	k99_10264	k99_10264
	k99_10266	k99_10266
	k99_10273	k99_10273
	k99_10282	k99_10282
	k99_10288	k99_10288
	k99_10289	k99_10289
	k99_10300	k99_10300
	k99_10314	k99_10314
	k99_10316	k99_10316
	k99_10324	k99_10324
	k99_10350	k99_10350
	k99_10351	k99_10351
	k99_10357	k99_10357
	k99_10358	k99_10358
	k99_10361	k99_10361
	k99_10365	k99_10365
	k99_10366	k99_10366
	k99_10367	k99_10367
	k99_10370	k99_10370
	k99_10385	k99_10385
	k99_10394	k99_10394
	k99_10396	k99_10396
	k99_10397	k99_10397
	k99_10399	k99_10399
	k99_10403	k99_10403
	k99_10404	k99_10404
	k99_10406	k99_10406
	k99_10407	k99_10407
	k99_10412	k99_10412
	k99_10418	k99_10418
	k99_10419	k99_10419
	k99_10421	k99_10421
	k99_10424	k99_10424
	k99_10426	k99_10426
	k99_10438	k99_10438
	k99_10441	k99_10441
	k99_10455	k99_10455
	k99_10457	k99_10457
	k99_10459	k99_10459
	k99_10461	k99_10461
	k99_10462	k99_10462
	k99_10468	k99_10468
	k99_10472	k99_10472
	k99_10490	k99_10490
	k99_10493	k99_10493
	k99_10496	k99_10496
	k99_10499	k99_10499
	k99_10501	k99_10501
	k99_10504	k99_10504
	k99_10519	k99_10519
	k99_10520	k99_10520
	k99_10527	k99_10527
	k99_10557	k99_10557
	k99_10559	k99_10559
	k99_10562	k99_10562
	k99_10564	k99_10564
	k99_10565	k99_10565
	k99_10574	k99_10574
	k99_10579	k99_10579
	k99_10580	k99_10580
	k99_10587	k99_10587
	k99_10590	k99_10590
	k99_10595	k99_10595
	k99_10602	k99_10602
	k99_10605	k99_10605
	k99_10607	k99_10607
	k99_10608	k99_10608
	k99_10609	k99_10609
	k99_10612	k99_10612
	k99_10613	k99_10613
	k99_10616	k99_10616
	k99_10617	k99_10617
	k99_10622	k99_10622
	k99_10625	k99_10625
	k99_10628	k99_10628
	k99_10630	k99_10630
	k99_10633	k99_10633
	k99_10635	k99_10635
	k99_10636	k99_10636
	k99_10640	k99_10640
	k99_10641	k99_10641
	k99_10647	k99_10647
	k99_10652	k99_10652
	k99_10653	k99_10653
	k99_10654	k99_10654
	k99_10664	k99_10664
	k99_10675	k99_10675
	k99_10680	k99_10680
	k99_10686	k99_10686
	k99_10688	k99_10688
	k99_10691	k99_10691
	k99_10695	k99_10695
	k99_10702	k99_10702
	k99_10704	k99_10704
	k99_10708	k99_10708
	k99_10714	k99_10714
	k99_10718	k99_10718
	k99_10725	k99_10725
	k99_10728	k99_10728
	k99_10739	k99_10739
	k99_10749	k99_10749
	k99_10757	k99_10757
	k99_10758	k99_10758
	k99_10760	k99_10760
	k99_10763	k99_10763
	k99_10768	k99_10768
	k99_10772	k99_10772
	k99_10777	k99_10777
	k99_10781	k99_10781
	k99_10784	k99_10784
	k99_10785	k99_10785
	k99_10793	k99_10793
	k99_10796	k99_10796
	k99_10799	k99_10799
	k99_10800	k99_10800
	k99_10804	k99_10804
	k99_10805	k99_10805
	k99_10807	k99_10807
	k99_10816	k99_10816
	k99_10822	k99_10822
	k99_10829	k99_10829
	k99_10832	k99_10832
	k99_10833	k99_10833
	k99_10838	k99_10838
	k99_10843	k99_10843
	k99_10861	k99_10861
	k99_10862	k99_10862
	k99_10866	k99_10866
	k99_10869	k99_10869
	k99_10874	k99_10874
	k99_10885	k99_10885
	k99_10888	k99_10888
	k99_10889	k99_10889
	k99_10890	k99_10890
	k99_10896	k99_10896
	k99_10897	k99_10897
	k99_10902	k99_10902
	k99_10914	k99_10914
	k99_10915	k99_10915
	k99_10916	k99_10916
	k99_10917	k99_10917
	k99_10920	k99_10920
	k99_10924	k99_10924
	k99_10925	k99_10925
	k99_10930	k99_10930
	k99_10932	k99_10932
	k99_10934	k99_10934
	k99_10953	k99_10953
	k99_10957	k99_10957
	k99_10958	k99_10958
	k99_10959	k99_10959
	k99_10967	k99_10967
	k99_10976	k99_10976
	k99_10983	k99_10983
	k99_10986	k99_10986
	k99_10990	k99_10990
	k99_10992	k99_10992
	k99_10993	k99_10993
	k99_11004	k99_11004
	k99_11013	k99_11013
	k99_11019	k99_11019
	k99_11033	k99_11033
	k99_11034	k99_11034
	k99_11038	k99_11038
	k99_11039	k99_11039
	k99_11040	k99_11040
	k99_11049	k99_11049
	k99_11057	k99_11057
	k99_11058	k99_11058
	k99_11072	k99_11072
	k99_11076	k99_11076
	k99_11078	k99_11078
	k99_11081	k99_11081
	k99_11083	k99_11083
	k99_11087	k99_11087
	k99_11089	k99_11089
	k99_11093	k99_11093
	k99_11099	k99_11099
	k99_11101	k99_11101
	k99_11105	k99_11105
	k99_11109	k99_11109
	k99_11111	k99_11111
	k99_11118	k99_11118
	k99_11120	k99_11120
	k99_11121	k99_11121
	k99_11131	k99_11131
	k99_11141	k99_11141
	k99_11158	k99_11158
	k99_11163	k99_11163
	k99_11169	k99_11169
	k99_11174	k99_11174
	k99_11181	k99_11181
	k99_11183	k99_11183
	k99_11196	k99_11196
	k99_11200	k99_11200
	k99_11203	k99_11203
	k99_11207	k99_11207
	k99_11211	k99_11211
	k99_11213	k99_11213
	k99_11215	k99_11215
	k99_11225	k99_11225
	k99_11226	k99_11226
	k99_11233	k99_11233
	k99_11236	k99_11236
	k99_11238	k99_11238
	k99_11242	k99_11242
	k99_11247	k99_11247
	k99_11257	k99_11257
	k99_11258	k99_11258
	k99_11262	k99_11262
	k99_11264	k99_11264
	k99_11268	k99_11268
	k99_11276	k99_11276
	k99_11278	k99_11278
	k99_11284	k99_11284
	k99_11290	k99_11290
	k99_11305	k99_11305
	k99_11306	k99_11306
	k99_11315	k99_11315
	k99_11319	k99_11319
	k99_11321	k99_11321
	k99_11324	k99_11324
	k99_11330	k99_11330
	k99_11355	k99_11355
	k99_11357	k99_11357
	k99_11358	k99_11358
	k99_11365	k99_11365
	k99_11380	k99_11380
	k99_11381	k99_11381
	k99_11382	k99_11382
	k99_11386	k99_11386
	k99_11388	k99_11388
	k99_11389	k99_11389
	k99_11410	k99_11410
	k99_11411	k99_11411
	k99_11417	k99_11417
	k99_11424	k99_11424
	k99_11426	k99_11426
	k99_11427	k99_11427
	k99_11430	k99_11430
	k99_11436	k99_11436
	k99_11447	k99_11447
	k99_11449	k99_11449
	k99_11450	k99_11450
	k99_11460	k99_11460
	k99_11461	k99_11461
	k99_11464	k99_11464
	k99_11466	k99_11466
	k99_11469	k99_11469
	k99_11477	k99_11477
	k99_11483	k99_11483
	k99_11488	k99_11488
	k99_11494	k99_11494
	k99_11497	k99_11497
	k99_11499	k99_11499
	k99_11505	k99_11505
	k99_11517	k99_11517
	k99_11523	k99_11523
	k99_11524	k99_11524
	k99_11540	k99_11540
	k99_11543	k99_11543
	k99_11544	k99_11544
	k99_11562	k99_11562
	k99_11563	k99_11563
	k99_11565	k99_11565
	k99_11569	k99_11569
	k99_11580	k99_11580
	k99_11585	k99_11585
	k99_11587	k99_11587
	k99_11588	k99_11588
	k99_11591	k99_11591
	k99_11596	k99_11596
	k99_11598	k99_11598
	k99_11602	k99_11602
	k99_11620	k99_11620
	k99_11623	k99_11623
	k99_11636	k99_11636
	k99_11642	k99_11642
	k99_11655	k99_11655
	k99_11657	k99_11657
	k99_11662	k99_11662
	k99_11666	k99_11666
	k99_11671	k99_11671
	k99_11678	k99_11678
	k99_11684	k99_11684
	k99_11689	k99_11689
	k99_11690	k99_11690
	k99_11692	k99_11692
	k99_11699	k99_11699
	k99_11702	k99_11702
	k99_11714	k99_11714
	k99_11716	k99_11716
	k99_11719	k99_11719
	k99_11720	k99_11720
	k99_11721	k99_11721
	k99_11730	k99_11730
	k99_11732	k99_11732
	k99_11739	k99_11739
	k99_11744	k99_11744
	k99_11755	k99_11755
	k99_11756	k99_11756
	k99_11758	k99_11758
	k99_11759	k99_11759
	k99_11761	k99_11761
	k99_11766	k99_11766
	k99_11775	k99_11775
	k99_11778	k99_11778
	k99_11780	k99_11780
	k99_11782	k99_11782
	k99_11783	k99_11783
	k99_11788	k99_11788
	k99_11790	k99_11790
	k99_11794	k99_11794
	k99_11796	k99_11796
	k99_11798	k99_11798
	k99_11802	k99_11802
	k99_11804	k99_11804
	k99_11812	k99_11812
	k99_11818	k99_11818
	k99_11825	k99_11825
	k99_11826	k99_11826
	k99_11829	k99_11829
	k99_11840	k99_11840
	k99_11842	k99_11842
	k99_11843	k99_11843
	k99_11849	k99_11849
	k99_11861	k99_11861
	k99_11865	k99_11865
	k99_11868	k99_11868
	k99_11874	k99_11874
	k99_11889	k99_11889
	k99_11894	k99_11894
	k99_11895	k99_11895
	k99_11910	k99_11910
	k99_11911	k99_11911
	k99_11913	k99_11913
	k99_11917	k99_11917
	k99_11922	k99_11922
	k99_11925	k99_11925
	k99_11926	k99_11926
	k99_11956	k99_11956
	k99_11957	k99_11957
	k99_11959	k99_11959
	k99_11961	k99_11961
	k99_11963	k99_11963
	k99_11965	k99_11965
	k99_11968	k99_11968
	k99_11970	k99_11970
	k99_11971	k99_11971
	k99_11978	k99_11978
	k99_11979	k99_11979
	k99_12001	k99_12001
	k99_12003	k99_12003
	k99_12008	k99_12008
	k99_12013	k99_12013
	k99_12032	k99_12032
	k99_12037	k99_12037
	k99_12038	k99_12038
	k99_12043	k99_12043
	k99_12051	k99_12051
	k99_12057	k99_12057
	k99_12058	k99_12058
	k99_12059	k99_12059
	k99_12072	k99_12072
	k99_12073	k99_12073
	k99_12090	k99_12090
	k99_12093	k99_12093
	k99_12096	k99_12096
	k99_12102	k99_12102
	k99_12108	k99_12108
	k99_12111	k99_12111
	k99_12112	k99_12112
	k99_12117	k99_12117
	k99_12122	k99_12122
	k99_12123	k99_12123
	k99_12126	k99_12126
	k99_12128	k99_12128
	k99_12131	k99_12131
	k99_12141	k99_12141
	k99_12142	k99_12142
	k99_12147	k99_12147
	k99_12150	k99_12150
	k99_12157	k99_12157
	k99_12165	k99_12165
	k99_12175	k99_12175
	k99_12180	k99_12180
	k99_12189	k99_12189
	k99_12194	k99_12194
	k99_12204	k99_12204
	k99_12205	k99_12205
	k99_12209	k99_12209
	k99_12216	k99_12216
	k99_12223	k99_12223
	k99_12238	k99_12238
	k99_12239	k99_12239
	k99_12243	k99_12243
	k99_12244	k99_12244
	k99_12247	k99_12247
	k99_12249	k99_12249
	k99_12252	k99_12252
	k99_12260	k99_12260
	k99_12263	k99_12263
	k99_12266	k99_12266
	k99_12271	k99_12271
	k99_12278	k99_12278
	k99_12296	k99_12296
	k99_12300	k99_12300
	k99_12305	k99_12305
	k99_12315	k99_12315
	k99_12318	k99_12318
	k99_12322	k99_12322
	k99_12325	k99_12325
	k99_12331	k99_12331
	k99_12335	k99_12335
	k99_12336	k99_12336
	k99_12338	k99_12338
	k99_12352	k99_12352
	k99_12360	k99_12360
	k99_12361	k99_12361
	k99_12365	k99_12365
	k99_12367	k99_12367
	k99_12377	k99_12377
	k99_12379	k99_12379
	k99_12384	k99_12384
	k99_12386	k99_12386
	k99_12413	k99_12413
	k99_12430	k99_12430
	k99_12432	k99_12432
	k99_12435	k99_12435
	k99_12440	k99_12440
	k99_12442	k99_12442
	k99_12449	k99_12449
	k99_12452	k99_12452
	k99_12453	k99_12453
	k99_12482	k99_12482
	k99_12484	k99_12484
	k99_12490	k99_12490
	k99_12494	k99_12494
	k99_12498	k99_12498
	k99_12499	k99_12499
	k99_12501	k99_12501
	k99_12507	k99_12507
	k99_12509	k99_12509
	k99_12512	k99_12512
	k99_12532	k99_12532
	k99_12533	k99_12533
	k99_12543	k99_12543
	k99_12546	k99_12546
	k99_12550	k99_12550
	k99_12559	k99_12559
	k99_12562	k99_12562
	k99_12573	k99_12573
	k99_12580	k99_12580
	k99_12603	k99_12603
	k99_12605	k99_12605
	k99_12612	k99_12612
	k99_12617	k99_12617
	k99_12619	k99_12619
	k99_12620	k99_12620
	k99_12623	k99_12623
	k99_12625	k99_12625
	k99_12629	k99_12629
	k99_12633	k99_12633
	k99_12634	k99_12634
	k99_12635	k99_12635
	k99_12644	k99_12644
	k99_12647	k99_12647
	k99_12654	k99_12654
	k99_12671	k99_12671
	k99_12673	k99_12673
	k99_12675	k99_12675
	k99_12677	k99_12677
	k99_12680	k99_12680
	k99_12704	k99_12704
	k99_12712	k99_12712
	k99_12714	k99_12714
	k99_12719	k99_12719
	k99_12729	k99_12729
	k99_12745	k99_12745
	k99_12756	k99_12756
	k99_12757	k99_12757
	k99_12758	k99_12758
	k99_12759	k99_12759
	k99_12764	k99_12764
	k99_12766	k99_12766
	k99_12772	k99_12772
	k99_12775	k99_12775
	k99_12788	k99_12788
	k99_12789	k99_12789
	k99_12790	k99_12790
	k99_12792	k99_12792
	k99_12793	k99_12793
	k99_12795	k99_12795
	k99_12799	k99_12799
	k99_12805	k99_12805
	k99_12806	k99_12806
	k99_12807	k99_12807
	k99_12810	k99_12810
	k99_12816	k99_12816
	k99_12830	k99_12830
	k99_12831	k99_12831
	k99_12840	k99_12840
	k99_12848	k99_12848
	k99_12854	k99_12854
	k99_12860	k99_12860
	k99_12877	k99_12877
	k99_12884	k99_12884
	k99_12891	k99_12891
	k99_12902	k99_12902
	k99_12906	k99_12906
	k99_12923	k99_12923
	k99_12924	k99_12924
	k99_12955	k99_12955
	k99_12962	k99_12962
	k99_12965	k99_12965
	k99_12967	k99_12967
	k99_12975	k99_12975
	k99_12976	k99_12976
	k99_12978	k99_12978
	k99_12988	k99_12988
	k99_12994	k99_12994
	k99_13009	k99_13009
	k99_13019	k99_13019
	k99_13027	k99_13027
	k99_13029	k99_13029
	k99_13030	k99_13030
	k99_13032	k99_13032
	k99_13035	k99_13035
	k99_13048	k99_13048
	k99_13066	k99_13066
	k99_13068	k99_13068
	k99_13081	k99_13081
	k99_13092	k99_13092
	k99_13097	k99_13097
	k99_13108	k99_13108
	k99_13114	k99_13114
	k99_13116	k99_13116
	k99_13117	k99_13117
	k99_13121	k99_13121
	k99_13127	k99_13127
	k99_13129	k99_13129
	k99_13132	k99_13132
	k99_13133	k99_13133
	k99_13136	k99_13136
	k99_13137	k99_13137
	k99_13138	k99_13138
	k99_13146	k99_13146
	k99_13148	k99_13148
	k99_13152	k99_13152
	k99_13169	k99_13169
	k99_13172	k99_13172
	k99_13179	k99_13179
	k99_13183	k99_13183
	k99_13184	k99_13184
	k99_13185	k99_13185
	k99_13191	k99_13191
	k99_13195	k99_13195
	k99_13209	k99_13209
	k99_13213	k99_13213
	k99_13226	k99_13226
	k99_13233	k99_13233
	k99_13236	k99_13236
	k99_13243	k99_13243
	k99_13248	k99_13248
	k99_13254	k99_13254
	k99_13256	k99_13256
	k99_13258	k99_13258
	k99_13263	k99_13263
	k99_13280	k99_13280
	k99_13282	k99_13282
	k99_13283	k99_13283
	k99_13284	k99_13284
	k99_13285	k99_13285
	k99_13290	k99_13290
	k99_13291	k99_13291
	k99_13292	k99_13292
	k99_13294	k99_13294
	k99_13299	k99_13299
	k99_13302	k99_13302
	k99_13314	k99_13314
	k99_13316	k99_13316
	k99_13321	k99_13321
	k99_13324	k99_13324
	k99_13337	k99_13337
	k99_13342	k99_13342
	k99_13345	k99_13345
	k99_13346	k99_13346
	k99_13350	k99_13350
	k99_13355	k99_13355
	k99_13358	k99_13358
	k99_13367	k99_13367
	k99_13372	k99_13372
	k99_13379	k99_13379
	k99_13391	k99_13391
	k99_13394	k99_13394
	k99_13397	k99_13397
	k99_13410	k99_13410
	k99_13411	k99_13411
	k99_13418	k99_13418
	k99_13423	k99_13423
	k99_13428	k99_13428
	k99_13435	k99_13435
	k99_13451	k99_13451
	k99_13454	k99_13454
	k99_13463	k99_13463
	k99_13464	k99_13464
	k99_13493	k99_13493
	k99_13494	k99_13494
	k99_13496	k99_13496
	k99_13497	k99_13497
	k99_13501	k99_13501
	k99_13505	k99_13505
	k99_13513	k99_13513
	k99_13537	k99_13537
	k99_13538	k99_13538
	k99_13542	k99_13542
	k99_13549	k99_13549
	k99_13551	k99_13551
	k99_13552	k99_13552
	k99_13557	k99_13557
	k99_13572	k99_13572
	k99_13573	k99_13573
	k99_13576	k99_13576
	k99_13582	k99_13582
	k99_13584	k99_13584
	k99_13592	k99_13592
	k99_13595	k99_13595
	k99_13596	k99_13596
	k99_13604	k99_13604
	k99_13609	k99_13609
	k99_13613	k99_13613
	k99_13615	k99_13615
	k99_13616	k99_13616
	k99_13617	k99_13617
	k99_13620	k99_13620
	k99_13627	k99_13627
	k99_13633	k99_13633
	k99_13645	k99_13645
	k99_13649	k99_13649
	k99_13650	k99_13650
	k99_13652	k99_13652
	k99_13654	k99_13654
	k99_13658	k99_13658
	k99_13671	k99_13671
	k99_13687	k99_13687
	k99_13699	k99_13699
	k99_13705	k99_13705
	k99_13710	k99_13710
	k99_13714	k99_13714
	k99_13716	k99_13716
	k99_13718	k99_13718
	k99_13726	k99_13726
	k99_13740	k99_13740
	k99_13743	k99_13743
	k99_13755	k99_13755
	k99_13760	k99_13760
	k99_13763	k99_13763
	k99_13764	k99_13764
	k99_13772	k99_13772
	k99_13782	k99_13782
	k99_13787	k99_13787
	k99_13793	k99_13793
	k99_13797	k99_13797
	k99_13800	k99_13800
	k99_13805	k99_13805
	k99_13807	k99_13807
	k99_13808	k99_13808
	k99_13811	k99_13811
	k99_13818	k99_13818
	k99_13829	k99_13829
	k99_13846	k99_13846
	k99_13848	k99_13848
	k99_13849	k99_13849
	k99_13851	k99_13851
	k99_13853	k99_13853
	k99_13854	k99_13854
	k99_13863	k99_13863
	k99_13883	k99_13883
	k99_13884	k99_13884
	k99_13892	k99_13892
	k99_13897	k99_13897
	k99_13905	k99_13905
	k99_13916	k99_13916
	k99_13919	k99_13919
	k99_13934	k99_13934
	k99_13935	k99_13935
	k99_13936	k99_13936
	k99_13940	k99_13940
	k99_13941	k99_13941
	k99_13942	k99_13942
	k99_13944	k99_13944
	k99_13968	k99_13968
	k99_13978	k99_13978
	k99_13982	k99_13982
	k99_13991	k99_13991
	k99_13995	k99_13995
	k99_13998	k99_13998
	k99_14003	k99_14003
	k99_14004	k99_14004
	k99_14016	k99_14016
	k99_14029	k99_14029
	k99_14032	k99_14032
	k99_14035	k99_14035
	k99_14042	k99_14042
	k99_14065	k99_14065
	k99_14072	k99_14072
	k99_14073	k99_14073
	k99_14075	k99_14075
	k99_14085	k99_14085
	k99_14087	k99_14087
	k99_14088	k99_14088
	k99_14098	k99_14098
	k99_14099	k99_14099
	k99_14100	k99_14100
	k99_14101	k99_14101
	k99_14116	k99_14116
	k99_14138	k99_14138
	k99_14156	k99_14156
	k99_14159	k99_14159
	k99_14169	k99_14169
	k99_14172	k99_14172
	k99_14174	k99_14174
	k99_14175	k99_14175
	k99_14179	k99_14179
	k99_14187	k99_14187
	k99_14192	k99_14192
	k99_14196	k99_14196
	k99_14203	k99_14203
	k99_14204	k99_14204
	k99_14205	k99_14205
	k99_14206	k99_14206
	k99_14208	k99_14208
	k99_14217	k99_14217
	k99_14218	k99_14218
	k99_14223	k99_14223
	k99_14225	k99_14225
	k99_14236	k99_14236
	k99_14238	k99_14238
	k99_14249	k99_14249
	k99_14252	k99_14252
	k99_14270	k99_14270
	k99_14271	k99_14271
	k99_14272	k99_14272
	k99_14284	k99_14284
	k99_14285	k99_14285
	k99_14286	k99_14286
	k99_14288	k99_14288
	k99_14291	k99_14291
	k99_14292	k99_14292
	k99_14298	k99_14298
	k99_14299	k99_14299
	k99_14303	k99_14303
	k99_14305	k99_14305
	k99_14309	k99_14309
	k99_14312	k99_14312
	k99_14325	k99_14325
	k99_14332	k99_14332
	k99_14340	k99_14340
	k99_14342	k99_14342
	k99_14346	k99_14346
	k99_14347	k99_14347
	k99_14360	k99_14360
	k99_14361	k99_14361
	k99_14365	k99_14365
	k99_14383	k99_14383
	k99_14386	k99_14386
	k99_14392	k99_14392
	k99_14411	k99_14411
	k99_14414	k99_14414
	k99_14418	k99_14418
	k99_14422	k99_14422
	k99_14423	k99_14423
	k99_14451	k99_14451
	k99_14461	k99_14461
	k99_14464	k99_14464
	k99_14465	k99_14465
	k99_14495	k99_14495
	k99_14496	k99_14496
	k99_14498	k99_14498
	k99_14508	k99_14508
	k99_14521	k99_14521
	k99_14533	k99_14533
	k99_14541	k99_14541
	k99_14542	k99_14542
	k99_14543	k99_14543
	k99_14552	k99_14552
	k99_14555	k99_14555
	k99_14558	k99_14558
	k99_14561	k99_14561
	k99_14576	k99_14576
	k99_14584	k99_14584
	k99_14597	k99_14597
	k99_14601	k99_14601
	k99_14616	k99_14616
	k99_14620	k99_14620
	k99_14639	k99_14639
	k99_14654	k99_14654
	k99_14662	k99_14662
	k99_14671	k99_14671
	k99_14673	k99_14673
	k99_14680	k99_14680
	k99_14682	k99_14682
	k99_14684	k99_14684
	k99_14688	k99_14688
	k99_14690	k99_14690
	k99_14693	k99_14693
	k99_14694	k99_14694
	k99_14717	k99_14717
	k99_14729	k99_14729
	k99_14730	k99_14730
	k99_14731	k99_14731
	k99_14746	k99_14746
	k99_14756	k99_14756
	k99_14779	k99_14779
	k99_14780	k99_14780
	k99_14781	k99_14781
	k99_14786	k99_14786
	k99_14788	k99_14788
	k99_14789	k99_14789
	k99_14791	k99_14791
	k99_14803	k99_14803
	k99_14809	k99_14809
	k99_14832	k99_14832
	k99_14836	k99_14836
	k99_14848	k99_14848
	k99_14852	k99_14852
	k99_14860	k99_14860
	k99_14867	k99_14867
	k99_14868	k99_14868
	k99_14877	k99_14877
	k99_14889	k99_14889
	k99_14909	k99_14909
	k99_14912	k99_14912
	k99_14922	k99_14922
	k99_14931	k99_14931
	k99_14933	k99_14933
	k99_14934	k99_14934
	k99_14938	k99_14938
	k99_14940	k99_14940
	k99_14945	k99_14945
	k99_14947	k99_14947
	k99_14948	k99_14948
	k99_14951	k99_14951
	k99_14953	k99_14953
	k99_14958	k99_14958
	k99_14960	k99_14960
	k99_14977	k99_14977
	k99_14981	k99_14981
	k99_14982	k99_14982
	k99_14985	k99_14985
	k99_14996	k99_14996
	k99_14998	k99_14998
	k99_15014	k99_15014
	k99_15030	k99_15030
	k99_15047	k99_15047
	k99_15051	k99_15051
	k99_15052	k99_15052
	k99_15054	k99_15054
	k99_15061	k99_15061
	k99_15067	k99_15067
	k99_15082	k99_15082
	k99_15095	k99_15095
	k99_15107	k99_15107
	k99_15111	k99_15111
	k99_15112	k99_15112
	k99_15125	k99_15125
	k99_15132	k99_15132
	k99_15133	k99_15133
	k99_15139	k99_15139
	k99_15148	k99_15148
	k99_15153	k99_15153
	k99_15154	k99_15154
	k99_15158	k99_15158
	k99_15160	k99_15160
	k99_15169	k99_15169
	k99_15176	k99_15176
	k99_15178	k99_15178
	k99_15180	k99_15180
	k99_15187	k99_15187
	k99_15195	k99_15195
	k99_15202	k99_15202
	k99_15204	k99_15204
	k99_15212	k99_15212
	k99_15224	k99_15224
	k99_15230	k99_15230
	k99_15243	k99_15243
	k99_15255	k99_15255
	k99_15261	k99_15261
	k99_15266	k99_15266
	k99_15281	k99_15281
	k99_15282	k99_15282
	k99_15284	k99_15284
	k99_15285	k99_15285
	k99_15292	k99_15292
	k99_15295	k99_15295
	k99_15304	k99_15304
	k99_15326	k99_15326
	k99_15327	k99_15327
	k99_15333	k99_15333
	k99_15340	k99_15340
	k99_15351	k99_15351
	k99_15363	k99_15363
	k99_15364	k99_15364
	k99_15365	k99_15365
	k99_15369	k99_15369
	k99_15370	k99_15370
	k99_15377	k99_15377
	k99_15381	k99_15381
	k99_15390	k99_15390
	k99_15397	k99_15397
	k99_15400	k99_15400
	k99_15402	k99_15402
	k99_15403	k99_15403
	k99_15408	k99_15408
	k99_15409	k99_15409
	k99_15415	k99_15415
	k99_15417	k99_15417
	k99_15422	k99_15422
	k99_15428	k99_15428
	k99_15429	k99_15429
	k99_15430	k99_15430
	k99_15431	k99_15431
	k99_15434	k99_15434
	k99_15439	k99_15439
	k99_15444	k99_15444
	k99_15445	k99_15445
	k99_15459	k99_15459
	k99_15464	k99_15464
	k99_15485	k99_15485
	k99_15497	k99_15497
	k99_15501	k99_15501
	k99_15502	k99_15502
	k99_15505	k99_15505
	k99_15511	k99_15511
	k99_15530	k99_15530
	k99_15542	k99_15542
	k99_15546	k99_15546
	k99_15550	k99_15550
	k99_15551	k99_15551
	k99_15555	k99_15555
	k99_15559	k99_15559
	k99_15562	k99_15562
	k99_15570	k99_15570
	k99_15582	k99_15582
	k99_15587	k99_15587
	k99_15593	k99_15593
	k99_15594	k99_15594
	k99_15599	k99_15599
	k99_15600	k99_15600
	k99_15601	k99_15601
	k99_15608	k99_15608
	k99_15610	k99_15610
	k99_15613	k99_15613
	k99_15615	k99_15615
	k99_15616	k99_15616
	k99_15619	k99_15619
	k99_15621	k99_15621
	k99_15630	k99_15630
	k99_15631	k99_15631
	k99_15645	k99_15645
	k99_15646	k99_15646
	k99_15649	k99_15649
	k99_15662	k99_15662
	k99_15670	k99_15670
	k99_15675	k99_15675
	k99_15684	k99_15684
	k99_15685	k99_15685
	k99_15693	k99_15693
	k99_15706	k99_15706
	k99_15713	k99_15713
	k99_15714	k99_15714
	k99_15715	k99_15715
	k99_15721	k99_15721
	k99_15724	k99_15724
	k99_15726	k99_15726
	k99_15733	k99_15733
	k99_15736	k99_15736
	k99_15737	k99_15737
	k99_15738	k99_15738
	k99_15741	k99_15741
	k99_15744	k99_15744
	k99_15747	k99_15747
	k99_15750	k99_15750
	k99_15769	k99_15769
	k99_15771	k99_15771
	k99_15775	k99_15775
	k99_15788	k99_15788
	k99_15790	k99_15790
	k99_15827	k99_15827
	k99_15828	k99_15828
	k99_15835	k99_15835
	k99_15841	k99_15841
	k99_15850	k99_15850
	k99_15853	k99_15853
	k99_15864	k99_15864
	k99_15871	k99_15871
	k99_15879	k99_15879
	k99_15882	k99_15882
	k99_15884	k99_15884
	k99_15887	k99_15887
	k99_15891	k99_15891
	k99_15899	k99_15899
	k99_15902	k99_15902
	k99_15910	k99_15910
	k99_15915	k99_15915
	k99_15924	k99_15924
	k99_15939	k99_15939
	k99_15964	k99_15964
	k99_15968	k99_15968
	k99_15969	k99_15969
	k99_15978	k99_15978
	k99_15983	k99_15983
	k99_15992	k99_15992
	k99_15995	k99_15995
	k99_16005	k99_16005
	k99_16012	k99_16012
	k99_16024	k99_16024
	k99_16049	k99_16049
	k99_16052	k99_16052
	k99_16053	k99_16053
	k99_16068	k99_16068
	k99_16074	k99_16074
	k99_16078	k99_16078
	k99_16083	k99_16083
	k99_16091	k99_16091
	k99_16096	k99_16096
	k99_16107	k99_16107
	k99_16108	k99_16108
	k99_16114	k99_16114
	k99_16119	k99_16119
	k99_16123	k99_16123
	k99_16135	k99_16135
	k99_16136	k99_16136
	k99_16143	k99_16143
	k99_16171	k99_16171
	k99_16172	k99_16172
	k99_16176	k99_16176
	k99_16178	k99_16178
	k99_16181	k99_16181
	k99_16195	k99_16195
	k99_16196	k99_16196
	k99_16199	k99_16199
	k99_16202	k99_16202
	k99_16216	k99_16216
	k99_16218	k99_16218
	k99_16222	k99_16222
	k99_16230	k99_16230
	k99_16232	k99_16232
	k99_16234	k99_16234
	k99_16240	k99_16240
	k99_16243	k99_16243
	k99_16273	k99_16273
	k99_16277	k99_16277
	k99_16287	k99_16287
	k99_16288	k99_16288
	k99_16299	k99_16299
	k99_16318	k99_16318
	k99_16321	k99_16321
	k99_16328	k99_16328
	k99_16332	k99_16332
	k99_16342	k99_16342
	k99_16347	k99_16347
	k99_16355	k99_16355
	k99_16358	k99_16358
	k99_16368	k99_16368
	k99_16371	k99_16371
	k99_16372	k99_16372
	k99_16374	k99_16374
	k99_16376	k99_16376
	k99_16383	k99_16383
	k99_16387	k99_16387
	k99_16391	k99_16391
	k99_16402	k99_16402
	k99_16411	k99_16411
	k99_16418	k99_16418
	k99_16419	k99_16419
	k99_16426	k99_16426
	k99_16427	k99_16427
	k99_16437	k99_16437
	k99_16443	k99_16443
	k99_16447	k99_16447
	k99_16455	k99_16455
	k99_16458	k99_16458
	k99_16466	k99_16466
	k99_16469	k99_16469
	k99_16477	k99_16477
	k99_16485	k99_16485
	k99_16488	k99_16488
	k99_16491	k99_16491
	k99_16507	k99_16507
	k99_16535	k99_16535
	k99_16536	k99_16536
	k99_16542	k99_16542
	k99_16545	k99_16545
	k99_16551	k99_16551
	k99_16578	k99_16578
	k99_16580	k99_16580
	k99_16593	k99_16593
	k99_16601	k99_16601
	k99_16605	k99_16605
	k99_16610	k99_16610
	k99_16619	k99_16619
	k99_16622	k99_16622
	k99_16632	k99_16632
	k99_16641	k99_16641
	k99_16642	k99_16642
	k99_16644	k99_16644
	k99_16668	k99_16668
	k99_16673	k99_16673
	k99_16678	k99_16678
	k99_16679	k99_16679
	k99_16690	k99_16690
	k99_16693	k99_16693
	k99_16698	k99_16698
	k99_16718	k99_16718
	k99_16728	k99_16728
	k99_16737	k99_16737
	k99_16745	k99_16745
	k99_16750	k99_16750
	k99_16763	k99_16763
	k99_16806	k99_16806
	k99_16815	k99_16815
	k99_16816	k99_16816
	k99_16817	k99_16817
	k99_16833	k99_16833
	k99_16838	k99_16838
	k99_16846	k99_16846
	k99_16849	k99_16849
	k99_16851	k99_16851
	k99_16863	k99_16863
	k99_16864	k99_16864
	k99_16867	k99_16867
	k99_16884	k99_16884
	k99_16886	k99_16886
	k99_16887	k99_16887
	k99_16891	k99_16891
	k99_16904	k99_16904
	k99_16910	k99_16910
	k99_16920	k99_16920
	k99_16929	k99_16929
	k99_16939	k99_16939
	k99_16950	k99_16950
	k99_16962	k99_16962
	k99_16972	k99_16972
	k99_16974	k99_16974
	k99_16976	k99_16976
	k99_16978	k99_16978
	k99_16987	k99_16987
	k99_16998	k99_16998
	k99_16999	k99_16999
	k99_17005	k99_17005
	k99_17006	k99_17006
	k99_17007	k99_17007
	k99_17011	k99_17011
	k99_17012	k99_17012
	k99_17016	k99_17016
	k99_17026	k99_17026
	k99_17028	k99_17028
	k99_17040	k99_17040
	k99_17058	k99_17058
	k99_17075	k99_17075
	k99_17098	k99_17098
	k99_17100	k99_17100
	k99_17105	k99_17105
	k99_17109	k99_17109
	k99_17128	k99_17128
	k99_17138	k99_17138
	k99_17139	k99_17139
	k99_17144	k99_17144
	k99_17148	k99_17148
	k99_17164	k99_17164
	k99_17169	k99_17169
	k99_17178	k99_17178
	k99_17191	k99_17191
	k99_17204	k99_17204
	k99_17207	k99_17207
	k99_17212	k99_17212
	k99_17223	k99_17223
	k99_17224	k99_17224
	k99_17226	k99_17226
	k99_17233	k99_17233
	k99_17242	k99_17242
	k99_17263	k99_17263
	k99_17264	k99_17264
	k99_17268	k99_17268
	k99_17274	k99_17274
	k99_17288	k99_17288
	k99_17289	k99_17289
	k99_17303	k99_17303
	k99_17307	k99_17307
	k99_17324	k99_17324
	k99_17331	k99_17331
	k99_17353	k99_17353
	k99_17374	k99_17374
	k99_17375	k99_17375
	k99_17381	k99_17381
	k99_17403	k99_17403
	k99_17406	k99_17406
	k99_17407	k99_17407
	k99_17408	k99_17408
	k99_17415	k99_17415
	k99_17426	k99_17426
	k99_17434	k99_17434
	k99_17436	k99_17436
	k99_17437	k99_17437
	k99_17452	k99_17452
	k99_17466	k99_17466
	k99_17521	k99_17521
	k99_17529	k99_17529
	k99_17531	k99_17531
	k99_17540	k99_17540
	k99_17544	k99_17544
	k99_17555	k99_17555
	k99_17597	k99_17597
	k99_17601	k99_17601
	k99_17606	k99_17606
	k99_17626	k99_17626
	k99_17661	k99_17661
	k99_17664	k99_17664
	k99_17668	k99_17668
	k99_17670	k99_17670
	k99_17675	k99_17675
	k99_17685	k99_17685
	k99_17707	k99_17707
	k99_17713	k99_17713
	k99_17716	k99_17716
	k99_17739	k99_17739
	k99_17741	k99_17741
	k99_17745	k99_17745
	k99_17751	k99_17751
	k99_17768	k99_17768
	k99_17771	k99_17771
	k99_17776	k99_17776
	k99_17778	k99_17778
	k99_17779	k99_17779
	k99_17792	k99_17792
	k99_17801	k99_17801
	k99_17816	k99_17816
	k99_17818	k99_17818
	k99_17829	k99_17829
	k99_17842	k99_17842
	k99_17850	k99_17850
	k99_17864	k99_17864
	k99_17866	k99_17866
	k99_17874	k99_17874
	k99_17885	k99_17885
	k99_17891	k99_17891
	k99_17903	k99_17903
	k99_17916	k99_17916
	k99_17921	k99_17921
	k99_17929	k99_17929
	k99_17932	k99_17932
	k99_17939	k99_17939
	k99_17950	k99_17950
	k99_17955	k99_17955
	k99_17976	k99_17976
	k99_17978	k99_17978
	k99_17983	k99_17983
	k99_17992	k99_17992
	k99_17995	k99_17995
	k99_17996	k99_17996
	k99_17999	k99_17999
	k99_18022	k99_18022
	k99_18027	k99_18027
	k99_18032	k99_18032
	k99_18037	k99_18037
	k99_18050	k99_18050
	k99_18052	k99_18052
	k99_18053	k99_18053
	k99_18056	k99_18056
	k99_18070	k99_18070
	k99_18077	k99_18077
	k99_18082	k99_18082
	k99_18097	k99_18097
	k99_18120	k99_18120
	k99_18137	k99_18137
	k99_18139	k99_18139
	k99_18147	k99_18147
	k99_18149	k99_18149
	k99_18151	k99_18151
	k99_18158	k99_18158
	k99_18166	k99_18166
	k99_18167	k99_18167
	k99_18172	k99_18172
	k99_18208	k99_18208
	k99_18218	k99_18218
	k99_18239	k99_18239
	k99_18255	k99_18255
	k99_18260	k99_18260
	k99_18262	k99_18262
	k99_18273	k99_18273
	k99_18274	k99_18274
	k99_18289	k99_18289
	k99_18291	k99_18291
	k99_18297	k99_18297
	k99_18306	k99_18306
	k99_18309	k99_18309
	k99_18322	k99_18322
	k99_18323	k99_18323
	k99_18329	k99_18329
	k99_18330	k99_18330
	k99_18339	k99_18339
	k99_18351	k99_18351
	k99_18354	k99_18354
	k99_18360	k99_18360
	k99_18369	k99_18369
	k99_18419	k99_18419
	k99_18422	k99_18422
	k99_18429	k99_18429
	k99_18434	k99_18434
	k99_18453	k99_18453
	k99_18456	k99_18456
	k99_18469	k99_18469
	k99_18475	k99_18475
	k99_18476	k99_18476
	k99_18480	k99_18480
	k99_18481	k99_18481
	k99_18494	k99_18494
	k99_18511	k99_18511
	k99_18517	k99_18517
	k99_18521	k99_18521
	k99_18527	k99_18527
	k99_18541	k99_18541
	k99_18549	k99_18549
	k99_18554	k99_18554
	k99_18559	k99_18559
	k99_18560	k99_18560
	k99_18561	k99_18561
	k99_18570	k99_18570
	k99_18572	k99_18572
	k99_18583	k99_18583
	k99_18592	k99_18592
	k99_18601	k99_18601
	k99_18606	k99_18606
	k99_18611	k99_18611
	k99_18638	k99_18638
	k99_18646	k99_18646
	k99_18648	k99_18648
	k99_18652	k99_18652
	k99_18654	k99_18654
	k99_18657	k99_18657
	k99_18658	k99_18658
	k99_18677	k99_18677
	k99_18678	k99_18678
	k99_18682	k99_18682
	k99_18711	k99_18711
	k99_18723	k99_18723
	k99_18724	k99_18724
	k99_18725	k99_18725
	k99_18728	k99_18728
	k99_18730	k99_18730
	k99_18747	k99_18747
	k99_18755	k99_18755
	k99_18769	k99_18769
	k99_18781	k99_18781
	k99_18783	k99_18783
	k99_18786	k99_18786
	k99_18791	k99_18791
	k99_18803	k99_18803
	k99_18806	k99_18806
	k99_18811	k99_18811
	k99_18812	k99_18812
	k99_18814	k99_18814
	k99_18815	k99_18815
	k99_18818	k99_18818
	k99_18836	k99_18836
	k99_18844	k99_18844
	k99_18852	k99_18852
	k99_18856	k99_18856
	k99_18889	k99_18889
	k99_18897	k99_18897
	k99_18905	k99_18905
	k99_18915	k99_18915
	k99_18920	k99_18920
	k99_18925	k99_18925
	k99_18926	k99_18926
	k99_18928	k99_18928
	k99_18931	k99_18931
	k99_18945	k99_18945
	k99_18951	k99_18951
	k99_18957	k99_18957
	k99_18958	k99_18958
	k99_18961	k99_18961
	k99_18965	k99_18965
	k99_18969	k99_18969
	k99_18986	k99_18986
	k99_18988	k99_18988
	k99_18991	k99_18991
	k99_18993	k99_18993
	k99_19005	k99_19005
	k99_19012	k99_19012
	k99_19015	k99_19015
	k99_19022	k99_19022
	k99_19023	k99_19023
	k99_19037	k99_19037
	k99_19044	k99_19044
	k99_19053	k99_19053
	k99_19054	k99_19054
	k99_19056	k99_19056
	k99_19064	k99_19064
	k99_19071	k99_19071
	k99_19104	k99_19104
	k99_19106	k99_19106
	k99_19108	k99_19108
	k99_19111	k99_19111
	k99_19114	k99_19114
	k99_19116	k99_19116
	k99_19122	k99_19122
	k99_19132	k99_19132
	k99_19133	k99_19133
	k99_19141	k99_19141
	k99_19144	k99_19144
	k99_19152	k99_19152
	k99_19156	k99_19156
	k99_19157	k99_19157
	k99_19158	k99_19158
	k99_19159	k99_19159
	k99_19176	k99_19176
	k99_19177	k99_19177
	k99_19192	k99_19192
	k99_19201	k99_19201
	k99_19204	k99_19204
	k99_19208	k99_19208
	k99_19216	k99_19216
	k99_19217	k99_19217
	k99_19219	k99_19219
	k99_19229	k99_19229
	k99_19245	k99_19245
	k99_19257	k99_19257
	k99_19261	k99_19261
	k99_19266	k99_19266
	k99_19267	k99_19267
	k99_19274	k99_19274
	k99_19277	k99_19277
	k99_19325	k99_19325
	k99_19329	k99_19329
	k99_19364	k99_19364
	k99_19366	k99_19366
	k99_19369	k99_19369
	k99_19382	k99_19382
	k99_19393	k99_19393
	k99_19403	k99_19403
	k99_19410	k99_19410
	k99_19420	k99_19420
	k99_19422	k99_19422
	k99_19433	k99_19433
	k99_19435	k99_19435
	k99_19447	k99_19447
	k99_19459	k99_19459
	k99_19460	k99_19460
	k99_19462	k99_19462
	k99_19466	k99_19466
	k99_19470	k99_19470
	k99_19494	k99_19494
	k99_19523	k99_19523
	k99_19528	k99_19528
	k99_19541	k99_19541
	k99_19562	k99_19562
	k99_19578	k99_19578
	k99_19587	k99_19587
	k99_19600	k99_19600
	k99_19629	k99_19629
	k99_19630	k99_19630
	k99_19663	k99_19663
	k99_19678	k99_19678
	k99_19710	k99_19710
	k99_19716	k99_19716
	k99_19718	k99_19718
	k99_19719	k99_19719
	k99_19724	k99_19724
	k99_19725	k99_19725
	k99_19746	k99_19746
	k99_19754	k99_19754
	k99_19756	k99_19756
	k99_19758	k99_19758
	k99_19763	k99_19763
	k99_19778	k99_19778
	k99_19789	k99_19789
	k99_19796	k99_19796
	k99_19797	k99_19797
	k99_19806	k99_19806
	k99_19821	k99_19821
	k99_19830	k99_19830
	k99_19838	k99_19838
	k99_19854	k99_19854
	k99_19865	k99_19865
	k99_19870	k99_19870
	k99_19881	k99_19881
	k99_19886	k99_19886
	k99_19889	k99_19889
	k99_19892	k99_19892
	k99_19905	k99_19905
	k99_19915	k99_19915
	k99_19916	k99_19916
	k99_19941	k99_19941
	k99_19942	k99_19942
	k99_19945	k99_19945
	k99_19947	k99_19947
	k99_19952	k99_19952
	k99_19973	k99_19973
	k99_19980	k99_19980
	k99_19986	k99_19986
	k99_19996	k99_19996
	k99_20003	k99_20003
	k99_20011	k99_20011
	k99_20014	k99_20014
	k99_20026	k99_20026
	k99_20031	k99_20031
	k99_20034	k99_20034
	k99_20037	k99_20037
	k99_20046	k99_20046
	k99_20054	k99_20054
	k99_20056	k99_20056
	k99_20059	k99_20059
	k99_20069	k99_20069
	k99_20073	k99_20073
	k99_20076	k99_20076
	k99_20087	k99_20087
	k99_20093	k99_20093
	k99_20098	k99_20098
	k99_20123	k99_20123
	k99_20128	k99_20128
	k99_20131	k99_20131
	k99_20134	k99_20134
	k99_20142	k99_20142
	k99_20156	k99_20156
	k99_20165	k99_20165
	k99_20177	k99_20177
	k99_20220	k99_20220
	k99_20226	k99_20226
	k99_20229	k99_20229
	k99_20233	k99_20233
	k99_20249	k99_20249
	k99_20258	k99_20258
	k99_20260	k99_20260
	k99_20263	k99_20263
	k99_20280	k99_20280
	k99_20281	k99_20281
	k99_20288	k99_20288
	k99_20293	k99_20293
	k99_20295	k99_20295
	k99_20328	k99_20328
	k99_20332	k99_20332
	k99_20342	k99_20342
	k99_20343	k99_20343
	k99_20349	k99_20349
	k99_20355	k99_20355
	k99_20369	k99_20369
	k99_20374	k99_20374
	k99_20382	k99_20382
	k99_20388	k99_20388
	k99_20397	k99_20397
	k99_20400	k99_20400
	k99_20428	k99_20428
	k99_20448	k99_20448
	k99_20449	k99_20449
	k99_20454	k99_20454
	k99_20462	k99_20462
	k99_20510	k99_20510
	k99_20519	k99_20519
	k99_20527	k99_20527
	k99_20556	k99_20556
	k99_20569	k99_20569
	k99_20575	k99_20575
	k99_20593	k99_20593
	k99_20602	k99_20602
	k99_20610	k99_20610
	k99_20615	k99_20615
	k99_20627	k99_20627
	k99_20662	k99_20662
	k99_20671	k99_20671
	k99_20674	k99_20674
	k99_20686	k99_20686
	k99_20693	k99_20693
	k99_20710	k99_20710
	k99_20721	k99_20721
	k99_20722	k99_20722
	k99_20724	k99_20724
	k99_20732	k99_20732
	k99_20742	k99_20742
	k99_20743	k99_20743
	k99_20744	k99_20744
	k99_20747	k99_20747
	k99_20751	k99_20751
	k99_20770	k99_20770
	k99_20776	k99_20776
	k99_20778	k99_20778
	k99_20782	k99_20782
	k99_20792	k99_20792
	k99_20797	k99_20797
	k99_20820	k99_20820
	k99_20834	k99_20834
	k99_20868	k99_20868
	k99_20871	k99_20871
	k99_20878	k99_20878
	k99_20903	k99_20903
	k99_20929	k99_20929
	k99_20950	k99_20950
	k99_20956	k99_20956
	k99_20963	k99_20963
	k99_20965	k99_20965
	k99_20980	k99_20980
	k99_20994	k99_20994
	k99_21005	k99_21005
	k99_21015	k99_21015
	k99_21038	k99_21038
	k99_21063	k99_21063
	k99_21073	k99_21073
	k99_21085	k99_21085
	k99_21089	k99_21089
	k99_21112	k99_21112
	k99_21122	k99_21122
	k99_21131	k99_21131
	k99_21159	k99_21159
	k99_21168	k99_21168
	k99_21171	k99_21171
	k99_21188	k99_21188
	k99_21198	k99_21198
	k99_21215	k99_21215
	k99_21233	k99_21233
	k99_21250	k99_21250
	k99_21251	k99_21251
	k99_21258	k99_21258
	k99_21288	k99_21288
	k99_21299	k99_21299
	k99_21302	k99_21302
	k99_21306	k99_21306
	k99_21313	k99_21313
	k99_21317	k99_21317
	k99_21321	k99_21321
	k99_21333	k99_21333
	k99_21341	k99_21341
	k99_21343	k99_21343
	k99_21388	k99_21388
	k99_21392	k99_21392
	k99_21398	k99_21398
	k99_21444	k99_21444
	k99_21454	k99_21454
	k99_21474	k99_21474
	k99_21477	k99_21477
	k99_21502	k99_21502
	k99_21507	k99_21507
	k99_21520	k99_21520
	k99_21529	k99_21529
	k99_21532	k99_21532
	k99_21544	k99_21544
	k99_21574	k99_21574
	k99_21577	k99_21577
	k99_21581	k99_21581
	k99_21594	k99_21594
	k99_21598	k99_21598
	k99_21609	k99_21609
	k99_21623	k99_21623
	k99_21632	k99_21632
	k99_21644	k99_21644
	k99_21648	k99_21648
	k99_21659	k99_21659
	k99_21667	k99_21667
	k99_21671	k99_21671
	k99_21682	k99_21682
	k99_21689	k99_21689
	k99_21690	k99_21690
	k99_21702	k99_21702
	k99_21704	k99_21704
	k99_21725	k99_21725
	k99_21736	k99_21736
	k99_21752	k99_21752
	k99_21754	k99_21754
	k99_21766	k99_21766
	k99_21784	k99_21784
	k99_21788	k99_21788
	k99_21824	k99_21824
	k99_21831	k99_21831
	k99_21834	k99_21834
	k99_21840	k99_21840
	k99_21847	k99_21847
	k99_21853	k99_21853
	k99_21857	k99_21857
	k99_21872	k99_21872
	k99_21896	k99_21896
	k99_21906	k99_21906
	k99_21910	k99_21910
	k99_21932	k99_21932
	k99_21938	k99_21938
	k99_21939	k99_21939
	k99_21953	k99_21953
	k99_21987	k99_21987
	k99_21998	k99_21998
	k99_22013	k99_22013
	k99_22049	k99_22049
	k99_22052	k99_22052
	k99_22058	k99_22058
	k99_22060	k99_22060
	k99_22061	k99_22061
	k99_22063	k99_22063
	k99_22064	k99_22064
	k99_22065	k99_22065
	k99_22073	k99_22073
	k99_22093	k99_22093
	k99_22099	k99_22099
	k99_22101	k99_22101
	k99_22104	k99_22104
	k99_22114	k99_22114
	k99_22130	k99_22130
	k99_22131	k99_22131
	k99_22137	k99_22137
	k99_22146	k99_22146
	k99_22173	k99_22173
	k99_22175	k99_22175
	k99_22183	k99_22183
	k99_22185	k99_22185
	k99_22194	k99_22194
	k99_22196	k99_22196
	k99_22233	k99_22233
	k99_22236	k99_22236
	k99_22254	k99_22254
	k99_22264	k99_22264
	k99_22267	k99_22267
	k99_22278	k99_22278
	k99_22291	k99_22291
	k99_22295	k99_22295
	k99_22300	k99_22300
	k99_22321	k99_22321
	k99_22334	k99_22334
	k99_22335	k99_22335
	k99_22340	k99_22340
	k99_22367	k99_22367
	k99_22371	k99_22371
	k99_22374	k99_22374
	k99_22383	k99_22383
	k99_22395	k99_22395
	k99_22398	k99_22398
	k99_22419	k99_22419
	k99_22420	k99_22420
	k99_22435	k99_22435
	k99_22463	k99_22463
	k99_22479	k99_22479
	k99_22480	k99_22480
	k99_22482	k99_22482
	k99_22491	k99_22491
	k99_22495	k99_22495
	k99_22496	k99_22496
	k99_22510	k99_22510
	k99_22558	k99_22558
	k99_22563	k99_22563
	k99_22570	k99_22570
	k99_22571	k99_22571
	k99_22574	k99_22574
	k99_22587	k99_22587
	k99_22605	k99_22605
	k99_22607	k99_22607
	k99_22621	k99_22621
	k99_22622	k99_22622
	k99_22638	k99_22638
	k99_22647	k99_22647
	k99_22650	k99_22650
	k99_22664	k99_22664
	k99_22667	k99_22667
	k99_22672	k99_22672
	k99_22680	k99_22680
	k99_22686	k99_22686
	k99_22690	k99_22690
	k99_22730	k99_22730
	k99_22734	k99_22734
	k99_22753	k99_22753
	k99_22765	k99_22765
	k99_22788	k99_22788
	k99_22795	k99_22795
	k99_22800	k99_22800
	k99_22843	k99_22843
	k99_22845	k99_22845
	k99_22858	k99_22858
	k99_22865	k99_22865
	k99_22866	k99_22866
	k99_22870	k99_22870
	k99_22900	k99_22900
	k99_22906	k99_22906
	k99_22915	k99_22915
	k99_22918	k99_22918
	k99_22921	k99_22921
	k99_22928	k99_22928
	k99_22939	k99_22939
	k99_22951	k99_22951
	k99_22955	k99_22955
	k99_22997	k99_22997
	k99_23046	k99_23046
	k99_23048	k99_23048
	k99_23051	k99_23051
	k99_23054	k99_23054
	k99_23060	k99_23060
	k99_23075	k99_23075
	k99_23079	k99_23079
	k99_23088	k99_23088
	k99_23090	k99_23090
	k99_23092	k99_23092
	k99_23097	k99_23097
	k99_23123	k99_23123
	k99_23133	k99_23133
	k99_23136	k99_23136
	k99_23173	k99_23173
	k99_23174	k99_23174
	k99_23192	k99_23192
	k99_23194	k99_23194
	k99_23211	k99_23211
	k99_23220	k99_23220
	k99_23231	k99_23231
	k99_23252	k99_23252
	k99_23284	k99_23284
	k99_23311	k99_23311
	k99_23312	k99_23312
	k99_23322	k99_23322
	k99_23341	k99_23341
	k99_23342	k99_23342
	k99_23362	k99_23362
	k99_23376	k99_23376
	k99_23377	k99_23377
	k99_23383	k99_23383
	k99_23388	k99_23388
	k99_23394	k99_23394
	k99_23404	k99_23404
	k99_23409	k99_23409
	k99_23421	k99_23421
	k99_23423	k99_23423
	k99_23430	k99_23430
	k99_23436	k99_23436
	k99_23447	k99_23447
	k99_23457	k99_23457
	k99_23463	k99_23463
	k99_23465	k99_23465
	k99_23470	k99_23470
	k99_23473	k99_23473
	k99_23481	k99_23481
	k99_23488	k99_23488
	k99_23507	k99_23507
	k99_23508	k99_23508
	k99_23520	k99_23520
	k99_23533	k99_23533
	k99_23540	k99_23540
	k99_23559	k99_23559
	k99_23565	k99_23565
	k99_23572	k99_23572
	k99_23584	k99_23584
	k99_23588	k99_23588
	k99_23597	k99_23597
	k99_23610	k99_23610
	k99_23612	k99_23612
	k99_23613	k99_23613
	k99_23637	k99_23637
	k99_23655	k99_23655
	k99_23692	k99_23692
	k99_23709	k99_23709
	k99_23711	k99_23711
	k99_23724	k99_23724
	k99_23729	k99_23729
	k99_23732	k99_23732
	k99_23738	k99_23738
	k99_23740	k99_23740
	k99_23751	k99_23751
	k99_23761	k99_23761
	k99_23764	k99_23764
	k99_23766	k99_23766
	k99_23776	k99_23776
	k99_23777	k99_23777
	k99_23789	k99_23789
	k99_23791	k99_23791
	k99_23799	k99_23799
	k99_23808	k99_23808
	k99_23819	k99_23819
	k99_23831	k99_23831
	k99_23840	k99_23840
	k99_23845	k99_23845
	k99_23855	k99_23855
	k99_23863	k99_23863
	k99_23874	k99_23874
	k99_23875	k99_23875
	k99_23911	k99_23911
	k99_23913	k99_23913
	k99_23915	k99_23915
	k99_23917	k99_23917
	k99_23927	k99_23927
	k99_23944	k99_23944
	k99_23956	k99_23956
	k99_23964	k99_23964
	k99_23973	k99_23973
	k99_24005	k99_24005
	k99_24012	k99_24012
	k99_24084	k99_24084
	k99_24086	k99_24086
	k99_24101	k99_24101
	k99_24106	k99_24106
	k99_24107	k99_24107
	k99_24108	k99_24108
	k99_24124	k99_24124
	k99_24134	k99_24134
	k99_24159	k99_24159
	k99_24182	k99_24182
	k99_24191	k99_24191
	k99_24202	k99_24202
	k99_24212	k99_24212
	k99_24232	k99_24232
	k99_24236	k99_24236
	k99_24238	k99_24238
	k99_24248	k99_24248
	k99_24249	k99_24249
	k99_24250	k99_24250
	k99_24251	k99_24251
	k99_24271	k99_24271
	k99_24272	k99_24272
	k99_24322	k99_24322
	k99_24323	k99_24323
	k99_24324	k99_24324
	k99_24343	k99_24343
	k99_24354	k99_24354
	k99_24367	k99_24367
	k99_24394	k99_24394
	k99_24423	k99_24423
	k99_24444	k99_24444
	k99_24468	k99_24468
	k99_24473	k99_24473
	k99_24480	k99_24480
	k99_24491	k99_24491
	k99_24508	k99_24508
	k99_24521	k99_24521
	k99_24533	k99_24533
	k99_24541	k99_24541
	k99_24543	k99_24543
	k99_24548	k99_24548
	k99_24550	k99_24550
	k99_24555	k99_24555
	k99_24571	k99_24571
